[10264:7484:0825/115900.006:VERBOSE1:components\enterprise\browser\controller\chrome_browser_cloud_management_controller.cc:124] DM token = empty
[10264:7484:0825/115900.006:VERBOSE1:components\enterprise\browser\controller\chrome_browser_cloud_management_controller.cc:130] Enrollment token = 
[10264:7484:0825/115900.006:VERBOSE1:components\enterprise\browser\controller\chrome_browser_cloud_management_controller.cc:131] Client ID = 69c4d967-031f-4495-83ee-25fdef1303d7
[10264:7484:0825/115900.006:VERBOSE1:components\policy\core\common\policy_service_impl.cc:632] Taking initial snapshot of POLICY_DOMAIN_CHROME policies
[10264:7484:0825/115900.016:VERBOSE1:components\variations\service\variations_field_trial_creator.cc:83] VariationsSeedUsage:2
[10264:7484:0825/115900.016:VERBOSE1:components\variations\service\variations_field_trial_creator.cc:393] VariationsSetupComplete
[10264:7484:0825/115900.032:VERBOSE1:base\allocator\scheduler_loop_quarantine_config.cc:180] No entry found for browser/global.
[10264:7484:0825/115900.032:VERBOSE1:base\allocator\scheduler_loop_quarantine_config.cc:180] No entry found for browser/*.
[10264:7484:0825/115900.032:VERBOSE1:base\allocator\scheduler_loop_quarantine_config.cc:180] No entry found for /main.
[10264:7484:0825/115900.032:VERBOSE1:base\allocator\scheduler_loop_quarantine_config.cc:180] No entry found for /io.
[10264:7484:0825/115900.105:VERBOSE1:chrome\browser\media\webrtc\webrtc_event_log_manager.cc:126] WebRTC remote-bound event logging enabled.
[10264:7484:0825/115900.107:VERBOSE1:components\proxy_config\pref_proxy_config_tracker_impl.cc:462] 0x4364023b0300: set chrome proxy config service to 0x4364023701c0
[10264:7484:0825/115900.107:VERBOSE1:components\device_event_log\device_event_log_impl.cc:203] [11:59:00.113] Display: EVENT: screen_win.cc:1058 Displays updated, count: 1
[10264:7484:0825/115900.120:VERBOSE1:components\device_event_log\device_event_log_impl.cc:203] [11:59:00.121] Display: EVENT: screen_win.cc:1060 Display[1] bounds=[0,0 800x600], workarea=[0,0 800x600], scale=1, rotation=0, panel_rotation=0 external detected
[10264:7484:0825/115900.149:VERBOSE1:components\enterprise\browser\controller\chrome_browser_cloud_management_controller.cc:213] Starting CBCM Controller Initialization
[10264:7484:0825/115900.149:INFO:components\enterprise\browser\controller\chrome_browser_cloud_management_controller.cc:241] No machine level policy manager exists.
[10264:7484:0825/115900.149:VERBOSE1:chrome\installer\util\install_util.cc:218] Existing Chrome version found: 151.0.7922.174
[10264:7484:0825/115900.153:VERBOSE1:chrome\browser\enterprise\platform_auth\platform_auth_policy_observer.cc:108] PlatformAuthProviderManager enabled: 0
[10264:7484:0825/115900.158:VERBOSE1:components\policy\core\common\cloud\user_cloud_policy_store.cc:146] [policy_type=google/chrome/user] Initiating immediate policy load from disk
[10264:7484:0825/115900.158:VERBOSE1:components\policy\core\common\cloud\user_cloud_policy_store.cc:249] [policy_type=google/chrome/user] No policy found on disk
[10264:7484:0825/115900.158:VERBOSE1:components\policy\core\common\cloud\user_cloud_policy_store.cc:146] [policy_type=google/extension-install-cloud-policy/chrome/user] Initiating immediate policy load from disk
[10264:7484:0825/115900.158:VERBOSE1:components\policy\core\common\cloud\user_cloud_policy_store.cc:249] [policy_type=google/extension-install-cloud-policy/chrome/user] No policy found on disk
[10264:7484:0825/115900.158:VERBOSE1:components\policy\core\common\policy_service_impl.cc:632] Taking initial snapshot of POLICY_DOMAIN_CHROME policies
[10264:7484:0825/115900.189:VERBOSE1:components\proxy_config\pref_proxy_config_tracker_impl.cc:462] 0x4364023b0f00: set chrome proxy config service to 0x436402372680
[10264:7484:0825/115900.189:VERBOSE1:components\signin\internal\identity_manager\mutable_profile_oauth2_token_service_delegate.cc:355] MutablePO2TS::MutablePO2TS
[10264:7484:0825/115900.197:VERBOSE1:google_apis\gaia\gaia_auth_util.cc:53] Canonicalized @gmail.com to @gmail.com
[10264:7484:0825/115900.197:VERBOSE1:google_apis\gaia\gaia_auth_util.cc:53] Canonicalized @gmail.com to @gmail.com
[10264:7484:0825/115900.197:VERBOSE1:components\signin\core\browser\account_reconcilor.cc:160] AccountReconcilor::AccountReconcilor
[10264:7484:0825/115900.197:VERBOSE1:components\signin\core\browser\account_reconcilor.cc:190] AccountReconcilor::Initialize
[10264:7484:0825/115900.197:VERBOSE1:components\signin\core\browser\account_reconcilor.cc:243] AccountReconcilor::RegisterWithContentSettings
[10264:7484:0825/115900.197:VERBOSE1:components\signin\core\browser\account_reconcilor.cc:266] AccountReconcilor::RegisterWithIdentityManager
[10264:7484:0825/115900.199:VERBOSE1:components\proxy_config\pref_proxy_config_tracker_impl.cc:462] 0x4364023b1b00: set chrome proxy config service to 0x4364023739c0
[10264:7484:0825/115900.201:VERBOSE1:chrome\browser\permissions\prediction_service\prediction_model_handler_provider_factory.cc:62] [PermissionsAI]: PredictionModelHandlerProviderFactory::BuildServiceInstanceForBrowserContext
[10264:7484:0825/115900.201:VERBOSE1:chrome\browser\permissions\prediction_service\prediction_model_handler_provider_factory.cc:99] [PermissionsAI]: PredictionModelHandlerProviderFactory::BuildServiceInstanceForBrowserContext PermissionsAIv4 not enabled, passage embedder not setup.
[10264:7484:0825/115900.201:VERBOSE1:chrome\browser\permissions\prediction_service\prediction_model_handler_provider.cc:55] [PermissionsAI] PredictionModelHandlerProvider ctor passage_embedder available: false
[10264:7484:0825/115900.201:VERBOSE1:chrome\browser\permissions\prediction_service\prediction_model_handler_provider.cc:58] [PermissionsAI] PredictionModelHandlerProvider ctor optimization_guide available: true
[10264:7484:0825/115900.203:VERBOSE1:components\signin\internal\identity_manager\mutable_profile_oauth2_token_service_delegate.cc:461] MutablePO2TS::RefreshTokenIsAvailable
[10264:7484:0825/115900.206:VERBOSE1:components\signin\internal\identity_manager\mutable_profile_oauth2_token_service_delegate.cc:461] MutablePO2TS::RefreshTokenIsAvailable
[10264:13240:0825/115900.216:VERBOSE1:net\disk_cache\simple\simple_index_file.cc:625] Simple Cache Index is being restored from disk.
[10264:21428:0825/115900.218:VERBOSE1:net\disk_cache\simple\simple_index_file.cc:625] Simple Cache Index is being restored from disk.
[10264:7484:0825/115900.218:VERBOSE1:extensions\browser\extension_registrar.cc:567] AddComponentExtension Chrome PDF Viewer
[10264:7484:0825/115900.218:VERBOSE1:extensions\browser\extension_registrar.cc:569] Component extension Chrome PDF Viewer (mhjfbmdgcfjbbpaeojofohoefgiehjai) installing/upgrading from '' to 1
[10264:7484:0825/115900.220:VERBOSE1:extensions\browser\extension_registrar.cc:567] AddComponentExtension Google Hangouts
[10264:7484:0825/115900.220:VERBOSE1:extensions\browser\extension_registrar.cc:569] Component extension Google Hangouts (nkeimhogjdpnpccoofpliimaahmaaome) installing/upgrading from '' to 1.3.26
[10264:7484:0825/115900.222:VERBOSE1:extensions\browser\extension_registrar.cc:567] AddComponentExtension Google Network Speech
[10264:7484:0825/115900.222:VERBOSE1:extensions\browser\extension_registrar.cc:569] Component extension Google Network Speech (fignfifoniblkonapihmkfakmlgkbkcf) installing/upgrading from '' to 1.0
[10264:7484:0825/115900.225:VERBOSE1:components\signin\internal\identity_manager\mutable_profile_oauth2_token_service_delegate.cc:461] MutablePO2TS::RefreshTokenIsAvailable
[10264:7484:0825/115900.225:VERBOSE1:components\signin\internal\identity_manager\mutable_profile_oauth2_token_service_delegate.cc:461] MutablePO2TS::RefreshTokenIsAvailable
[10264:7484:0825/115900.227:VERBOSE1:components\component_updater\installer_policies\on_device_head_suggest_component_installer.cc:59] On Device Head Component will fetch model for locale: PTBR500000
[10264:7484:0825/115900.227:VERBOSE1:chrome\browser\component_updater\trust_token_key_commitments_component_installer.cc:22] Registering Trust Token Key Commitments component.
[10264:7484:0825/115900.227:VERBOSE1:chrome\browser\component_updater\first_party_sets_component_installer.cc:40] Registering Related Website Sets component.
[10264:7484:0825/115900.227:VERBOSE1:chrome\browser\component_updater\privacy_sandbox_attestations_component_installer.cc:181] Registering Privacy Sandbox Attestations component
[10264:7484:0825/115900.227:VERBOSE1:chrome\browser\component_updater\file_type_policies_component_installer.cc:126] Registering File Type Policies component.
[10264:7484:0825/115900.227:VERBOSE1:chrome\browser\component_updater\hyphenation_component_installer.cc:148] Registering Hyphenation component.
[10264:7484:0825/115900.227:VERBOSE1:components\component_updater\installer_policies\actor_safety_lists_component_installer.cc:140] Registering Actor Safety Lists Component.
[10264:7484:0825/115900.227:VERBOSE1:chrome\browser\component_updater\translate_kit_component_installer.cc:210] Registering TranslateKit component.
[10264:7484:0825/115900.229:VERBOSE1:chrome\browser\component_updater\wasm_tts_engine_component_installer.cc:286] Registering WASM TTS Engine component.
[10264:7484:0825/115900.229:VERBOSE1:chrome\browser\component_updater\captcha_provider_component_installer.cc:175] Registering Captcha Provider component.
[10264:15772:0825/115900.229:VERBOSE1:components\component_updater\component_installer.cc:477] StartRegistration for Privacy Sandbox Attestations
[10264:7484:0825/115900.231:VERBOSE1:chrome\browser\profiles\profile_manager.cc:1407] AddKeepAlive(Default, kOffTheRecordProfile). keep_alives=[kWaitingForFirstBrowserWindow (1), kOffTheRecordProfile (1)]
[10264:7484:0825/115900.231:VERBOSE1:chrome\browser\permissions\prediction_service\prediction_model_handler_provider_factory.cc:62] [PermissionsAI]: PredictionModelHandlerProviderFactory::BuildServiceInstanceForBrowserContext
[10264:7484:0825/115900.231:VERBOSE1:chrome\browser\permissions\prediction_service\prediction_model_handler_provider_factory.cc:99] [PermissionsAI]: PredictionModelHandlerProviderFactory::BuildServiceInstanceForBrowserContext PermissionsAIv4 not enabled, passage embedder not setup.
[10264:7484:0825/115900.231:VERBOSE1:chrome\browser\permissions\prediction_service\prediction_model_handler_provider.cc:55] [PermissionsAI] PredictionModelHandlerProvider ctor passage_embedder available: false
[10264:7484:0825/115900.231:VERBOSE1:chrome\browser\permissions\prediction_service\prediction_model_handler_provider.cc:58] [PermissionsAI] PredictionModelHandlerProvider ctor optimization_guide available: true
[23968:15440:0825/115900.233:VERBOSE1:base\allocator\scheduler_loop_quarantine_config.cc:180] No entry found for utility.net..workService/global.
[23968:15440:0825/115900.233:VERBOSE1:base\allocator\scheduler_loop_quarantine_config.cc:180] No entry found for utility.netwo..etworkService/*.
[23968:15440:0825/115900.233:VERBOSE1:base\allocator\scheduler_loop_quarantine_config.cc:180] No entry found for utility.netw..tworkService/amsc.
[23968:15440:0825/115900.233:VERBOSE1:base\allocator\scheduler_loop_quarantine_config.cc:180] No entry found for utility/main.
[23968:15440:0825/115900.233:VERBOSE1:base\allocator\scheduler_loop_quarantine_config.cc:180] No entry found for utility/io.
[23968:15440:0825/115900.234:VERBOSE1:base\allocator\scheduler_loop_quarantine_config.cc:180] No entry found for utility.netw..tworkService/main.
[10264:7484:0825/115900.234:VERBOSE1:components\proxy_config\pref_proxy_config_tracker_impl.cc:462] 0x4364023b4500: set chrome proxy config service to 0x436402376ac0
[10264:13240:0825/115900.239:VERBOSE1:components\component_updater\component_installer.cc:477] StartRegistration for Chrome Improved Recovery
[10264:15772:0825/115900.239:VERBOSE1:components\component_updater\component_installer.cc:312] Preinstalled component found for Privacy Sandbox Attestations at C:\Program Files\Google\Chrome\Application\151.0.7922.170\PrivacySandboxAttestationsPreloaded with version 2025.7.18.0.
[10264:13240:0825/115900.241:VERBOSE1:components\component_updater\component_installer.cc:477] StartRegistration for Widevine Content Decryption Module
[10264:15772:0825/115900.241:VERBOSE1:components\component_updater\component_installer.cc:477] StartRegistration for Subresource Filter Rules
[10264:21428:0825/115900.243:VERBOSE1:components\component_updater\component_installer.cc:477] StartRegistration for OnDeviceHeadSuggest
[10264:15772:0825/115900.243:VERBOSE1:components\component_updater\component_installer.cc:477] StartRegistration for Optimization Hints
[10264:21428:0825/115900.245:VERBOSE1:components\component_updater\component_installer.cc:477] StartRegistration for Trust Token Key Commitments
[10264:15772:0825/115900.245:VERBOSE1:components\component_updater\component_installer.cc:477] StartRegistration for Certificate Error Assistant
[10264:13240:0825/115900.245:VERBOSE1:components\component_updater\component_installer.cc:312] Preinstalled component found for Widevine Content Decryption Module at C:\Program Files\Google\Chrome\Application\151.0.7922.170\WidevineCdm with version 4.10.3050.0.
[10264:9976:0825/115900.245:VERBOSE1:components\component_updater\component_installer.cc:477] StartRegistration for File Type Policies
[10264:16464:0825/115900.247:VERBOSE1:components\component_updater\component_installer.cc:477] StartRegistration for CRLSet
[10264:21428:0825/115900.251:VERBOSE1:components\component_updater\component_installer.cc:477] StartRegistration for Origin Trials
[10264:10996:0825/115900.253:VERBOSE1:components\component_updater\component_installer.cc:477] StartRegistration for MEI Preload
[10264:13240:0825/115900.253:VERBOSE1:components\component_updater\component_installer.cc:477] StartRegistration for PKI Metadata
[10264:9976:0825/115900.255:VERBOSE1:components\component_updater\component_installer.cc:477] StartRegistration for Safety Tips
[10264:13240:0825/115900.255:VERBOSE1:components\component_updater\component_installer.cc:477] StartRegistration for Crowd Deny
[10264:10996:0825/115900.255:VERBOSE1:components\component_updater\component_installer.cc:312] Preinstalled component found for MEI Preload at C:\Program Files\Google\Chrome\Application\151.0.7922.170\MEIPreload with version 1.0.7.1652906823.
[10264:9220:0825/115900.257:VERBOSE1:components\component_updater\component_installer.cc:477] StartRegistration for Hyphenation
[10264:13240:0825/115900.259:VERBOSE1:components\component_updater\component_installer.cc:477] StartRegistration for Zxcvbn Data Dictionaries
[10264:8204:0825/115900.259:VERBOSE1:components\component_updater\component_installer.cc:477] StartRegistration for Actor Safety Lists
[10264:9220:0825/115900.259:VERBOSE1:components\component_updater\component_installer.cc:477] StartRegistration for Amount Extraction Heuristic Regexes
[10264:9976:0825/115900.259:VERBOSE1:components\component_updater\component_installer.cc:477] StartRegistration for WASM TTS Engine
[10264:15772:0825/115900.261:VERBOSE1:components\component_updater\component_installer.cc:477] StartRegistration for Captcha Providers
[13164:15852:0825/115900.296:VERBOSE1:base\allocator\scheduler_loop_quarantine_config.cc:180] No entry found for utility.sto..rageService/global.
[13164:15852:0825/115900.296:VERBOSE1:base\allocator\scheduler_loop_quarantine_config.cc:180] No entry found for utility.stora..torageService/*.
[13164:15852:0825/115900.296:VERBOSE1:base\allocator\scheduler_loop_quarantine_config.cc:180] No entry found for utility.stor..orageService/amsc.
[13164:15852:0825/115900.296:VERBOSE1:base\allocator\scheduler_loop_quarantine_config.cc:180] No entry found for utility/main.
[13164:15852:0825/115900.296:VERBOSE1:base\allocator\scheduler_loop_quarantine_config.cc:180] No entry found for utility/io.
[13164:15852:0825/115900.296:VERBOSE1:base\allocator\scheduler_loop_quarantine_config.cc:180] No entry found for utility.stor..orageService/main.
[10264:19996:0825/115900.308:VERBOSE1:extensions\browser\content_verifier\content_verifier.cc:944] OnFetchComplete mhjfbmdgcfjbbpaeojofohoefgiehjai success:0
[10264:19996:0825/115900.308:VERBOSE1:extensions\browser\content_verifier\content_verifier.cc:944] OnFetchComplete nkeimhogjdpnpccoofpliimaahmaaome success:0
[10264:19996:0825/115900.308:VERBOSE1:extensions\browser\content_verifier\content_verifier.cc:944] OnFetchComplete fignfifoniblkonapihmkfakmlgkbkcf success:0
[11088:3740:0825/115900.315:VERBOSE1:base\allocator\scheduler_loop_quarantine_config.cc:180] No entry found for gpu-process/global.
[11088:3740:0825/115900.315:VERBOSE1:base\allocator\scheduler_loop_quarantine_config.cc:180] No entry found for gpu-process/*.
[11088:3740:0825/115900.315:VERBOSE1:base\allocator\scheduler_loop_quarantine_config.cc:180] No entry found for gpu-process/amsc.
[11088:3740:0825/115900.315:VERBOSE1:base\allocator\scheduler_loop_quarantine_config.cc:180] No entry found for gpu-process/main.
[11088:3740:0825/115900.315:VERBOSE1:base\allocator\scheduler_loop_quarantine_config.cc:180] No entry found for gpu-process/io.
[11088:3740:0825/115900.315:VERBOSE1:base\allocator\scheduler_loop_quarantine_config.cc:180] No entry found for gpu-process/main.
[10264:14360:0825/115900.329:VERBOSE1:components\signin\public\webdata\token_service_table.cc:259] Loaded tokens: result = 3 ; number of tokens loaded = 0
[22564:13244:0825/115900.368:VERBOSE1:base\allocator\scheduler_loop_quarantine_config.cc:180] No entry found for renderer/global.
[22564:13244:0825/115900.368:VERBOSE1:base\allocator\scheduler_loop_quarantine_config.cc:180] No entry found for renderer/*.
[22564:13244:0825/115900.368:VERBOSE1:base\allocator\scheduler_loop_quarantine_config.cc:180] No entry found for renderer/amsc.
[22564:13244:0825/115900.368:VERBOSE1:base\allocator\scheduler_loop_quarantine_config.cc:180] No entry found for renderer/main.
[22564:13244:0825/115900.368:VERBOSE1:base\allocator\scheduler_loop_quarantine_config.cc:180] No entry found for renderer/io.
[22564:13244:0825/115900.370:VERBOSE1:base\allocator\scheduler_loop_quarantine_config.cc:180] No entry found for renderer/main.
[22564:13244:0825/115900.372:INFO:third_party\webrtc\rtc_base\cpu_info.cc:77] Available number of cores: 8
[10264:7484:0825/115900.397:VERBOSE1:chrome\browser\enterprise\data_protection\data_protection_navigation_observer.cc:227] enterprise.data_protection: same document navigation: 0
[10264:7484:0825/115900.397:VERBOSE1:chrome\browser\enterprise\data_protection\data_protection_navigation_observer.cc:229] enterprise.data_protection: URL to scan: file:///C:/Users/llame/.gemini/antigravity-ide/scratch/llamenina-fichas-tecnicas/index.html
[11088:3740:0825/115900.401:ERROR:ui\gl\direct_composition_support.cc:254] GetGpuDriverOverlayInfo: Failed to retrieve video device
[11088:3740:0825/115900.407:VERBOSE1:components\viz\service\main\viz_main_impl.cc:87] VizNullHypothesis is disabled (not a warning)
[11088:20208:0825/115900.409:VERBOSE1:base\allocator\scheduler_loop_quarantine_config.cc:180] No entry found for gpu-process/viz-compositor.
[10264:7484:0825/115900.422:VERBOSE1:chrome\browser\ui\views\omnibox\omnibox_popup_closer.cc:65] Closing omnibox popup with reason: kRevertAll
[23968:7788:0825/115900.440:VERBOSE1:net\base\network_delegate.cc:38] NetworkDelegate::NotifyBeforeURLRequest: http://clients2.google.com/time/1/current?cup2key=10:nz5ER3oH1xD19Nypwa9OVWBnvNSY_cSTth06hDnQ3qk&cup2hreq=e3b0c44298fc1c149afbf4c8996fb92427ae41e4649b934ca495991b7852b855
[17440:9016:0825/115900.449:VERBOSE1:base\allocator\scheduler_loop_quarantine_config.cc:180] No entry found for renderer/global.
[17440:9016:0825/115900.449:VERBOSE1:base\allocator\scheduler_loop_quarantine_config.cc:180] No entry found for renderer/*.
[17440:9016:0825/115900.449:VERBOSE1:base\allocator\scheduler_loop_quarantine_config.cc:180] No entry found for renderer/amsc.
[17440:9016:0825/115900.449:VERBOSE1:base\allocator\scheduler_loop_quarantine_config.cc:180] No entry found for renderer/main.
[17440:9016:0825/115900.449:VERBOSE1:base\allocator\scheduler_loop_quarantine_config.cc:180] No entry found for renderer/io.
[17440:9016:0825/115900.449:VERBOSE1:base\allocator\scheduler_loop_quarantine_config.cc:180] No entry found for renderer/main.
[256:19192:0825/115900.449:VERBOSE1:base\allocator\scheduler_loop_quarantine_config.cc:180] No entry found for renderer/global.
[256:19192:0825/115900.449:VERBOSE1:base\allocator\scheduler_loop_quarantine_config.cc:180] No entry found for renderer/*.
[256:19192:0825/115900.449:VERBOSE1:base\allocator\scheduler_loop_quarantine_config.cc:180] No entry found for renderer/amsc.
[256:19192:0825/115900.449:VERBOSE1:base\allocator\scheduler_loop_quarantine_config.cc:180] No entry found for renderer/main.
[256:19192:0825/115900.449:VERBOSE1:base\allocator\scheduler_loop_quarantine_config.cc:180] No entry found for renderer/io.
[256:19192:0825/115900.449:VERBOSE1:base\allocator\scheduler_loop_quarantine_config.cc:180] No entry found for renderer/main.
[17440:9016:0825/115900.454:INFO:third_party\webrtc\rtc_base\cpu_info.cc:77] Available number of cores: 8
[256:19192:0825/115900.454:INFO:third_party\webrtc\rtc_base\cpu_info.cc:77] Available number of cores: 8
[10264:7484:0825/115900.462:VERBOSE1:chrome\browser\profiles\profile_manager.cc:1407] AddKeepAlive(Default, kExtensionUpdater). keep_alives=[kWaitingForFirstBrowserWindow (1), kOffTheRecordProfile (1), kExtensionUpdater (1)]
[10264:7484:0825/115900.464:WARNING:chrome\browser\extensions\external_registry_loader_win.cc:236] Error observing HKLM: Acesso negado. (0x5)
[10264:7484:0825/115900.466:VERBOSE1:components\component_updater\component_installer.cc:548] FinishRegistration for Chrome Improved Recovery
[10264:7484:0825/115900.466:VERBOSE1:components\component_updater\component_updater_service.cc:177] CrxUpdateService starting up. First update attempt will take place in 60 s seconds. Next update attempt will take place in 18000 s seconds. 
[10264:7484:0825/115900.466:VERBOSE1:components\component_updater\component_installer.cc:548] FinishRegistration for Privacy Sandbox Attestations
[10264:7484:0825/115900.466:VERBOSE1:components\component_updater\component_installer.cc:589] Component ready, version 2025.7.18.0 in C:\Program Files\Google\Chrome\Application\151.0.7922.170\PrivacySandboxAttestationsPreloaded
[10264:7484:0825/115900.466:VERBOSE1:chrome\browser\component_updater\privacy_sandbox_attestations_component_installer.cc:111] Privacy Sandbox Attestations Component ready, version 2025.7.18.0 in C:\Program Files\Google\Chrome\Application\151.0.7922.170\PrivacySandboxAttestationsPreloaded
[10264:7484:0825/115900.466:VERBOSE1:chrome\browser\component_updater\privacy_sandbox_attestations_component_installer.cc:188] Received privacy sandbox attestations file
[10264:7484:0825/115900.466:VERBOSE1:components\component_updater\component_installer.cc:548] FinishRegistration for Subresource Filter Rules
[10264:7484:0825/115900.466:VERBOSE1:components\component_updater\component_installer.cc:548] FinishRegistration for OnDeviceHeadSuggest
[10264:7484:0825/115900.466:VERBOSE1:components\component_updater\component_installer.cc:548] FinishRegistration for Optimization Hints
[10264:7484:0825/115900.466:VERBOSE1:components\component_updater\component_installer.cc:548] FinishRegistration for Trust Token Key Commitments
[10264:7484:0825/115900.466:VERBOSE1:components\component_updater\component_installer.cc:548] FinishRegistration for Widevine Content Decryption Module
[10264:7484:0825/115900.466:VERBOSE1:components\component_updater\component_installer.cc:589] Component ready, version 4.10.3050.0 in C:\Program Files\Google\Chrome\Application\151.0.7922.170\WidevineCdm
[10264:7484:0825/115900.466:VERBOSE1:components\component_updater\component_installer.cc:548] FinishRegistration for File Type Policies
[10264:7484:0825/115900.466:VERBOSE1:components\component_updater\component_installer.cc:548] FinishRegistration for PKI Metadata
[10264:7484:0825/115900.466:VERBOSE1:components\component_updater\component_installer.cc:548] FinishRegistration for MEI Preload
[10264:7484:0825/115900.466:VERBOSE1:components\component_updater\component_installer.cc:589] Component ready, version 1.0.7.1652906823 in C:\Program Files\Google\Chrome\Application\151.0.7922.170\MEIPreload
[10264:7484:0825/115900.466:VERBOSE1:components\component_updater\component_installer.cc:548] FinishRegistration for Crowd Deny
[10264:7484:0825/115900.468:VERBOSE1:components\component_updater\component_installer.cc:548] FinishRegistration for Hyphenation
[10264:7484:0825/115900.468:VERBOSE1:components\component_updater\component_installer.cc:548] FinishRegistration for Safety Tips
[10264:7484:0825/115900.468:VERBOSE1:components\component_updater\component_installer.cc:548] FinishRegistration for Certificate Error Assistant
[10264:7484:0825/115900.468:VERBOSE1:components\component_updater\component_installer.cc:548] FinishRegistration for Actor Safety Lists
[23968:7788:0825/115900.470:VERBOSE1:net\proxy_resolution\configured_proxy_resolution_service.cc:1225] Failed configuring with PAC script, falling-back to manual proxy servers.
[10264:7484:0825/115900.470:VERBOSE1:components\component_updater\component_installer.cc:548] FinishRegistration for Origin Trials
[10264:7484:0825/115900.472:VERBOSE1:components\component_updater\component_installer.cc:548] FinishRegistration for Zxcvbn Data Dictionaries
[10264:7484:0825/115900.472:VERBOSE1:components\component_updater\component_installer.cc:548] FinishRegistration for Amount Extraction Heuristic Regexes
[10264:7484:0825/115900.472:VERBOSE1:components\component_updater\component_installer.cc:548] FinishRegistration for WASM TTS Engine
[10264:7484:0825/115900.472:VERBOSE1:components\component_updater\component_installer.cc:548] FinishRegistration for Captcha Providers
[10264:7484:0825/115900.472:VERBOSE1:components\component_updater\component_installer.cc:548] FinishRegistration for CRLSet
[23968:7788:0825/115900.476:VERBOSE1:net\base\network_delegate.cc:38] NetworkDelegate::NotifyBeforeURLRequest: https://clients2.google.com/service/update2/crx?os=win&arch=x64&prod=chromecrx&prodchannel=&prodversion=151.0.7922.170&lang=pt-BR&acceptformat=crx3,puff&x=id%3Dghbmnnjooekpmoecnnnilnnbdlolhkhi%26v%3D0.0.0.0%26installedby%3Dinternal%26uc%26brand%3DHKFL%26ping%3Dr%253D-1%2526e%253D1&x=id%3Dnmmhkkegccagdldgiimedpiccmgmieda%26v%3D0.0.0.0%26installedby%3Dother%26uc%26brand%3DHKFL%26ping%3Dr%253D-1%2526e%253D1
[23968:7788:0825/115900.478:VERBOSE1:net\base\network_delegate.cc:38] NetworkDelegate::NotifyBeforeURLRequest: https://accounts.google.com/ListAccounts?gpsia=1&source=ChromiumBrowser&json=standard&laf=b64bin
[23968:7788:0825/115900.478:VERBOSE1:net\base\network_delegate.cc:38] NetworkDelegate::NotifyBeforeURLRequest: https://clientservices.googleapis.com/chrome-variations/seed?osname=win&channel=stable&milestone=151
[10264:7484:0825/115900.478:VERBOSE1:components\signin\internal\identity_manager\mutable_profile_oauth2_token_service_delegate.cc:660] MutablePO2TS::OnWebDataServiceRequestDone. Result type: 6
[10264:7484:0825/115900.478:VERBOSE1:components\signin\internal\identity_manager\mutable_profile_oauth2_token_service_delegate.cc:722] MutablePO2TS::LoadAllCredentialsIntoMemory; 0 credential(s).
[10264:7484:0825/115900.479:VERBOSE1:components\signin\internal\identity_manager\mutable_profile_oauth2_token_service_delegate.cc:461] MutablePO2TS::RefreshTokenIsAvailable
[10264:7484:0825/115900.479:VERBOSE1:google_apis\gaia\gaia_auth_util.cc:53] Canonicalized @gmail.com to @gmail.com
[10264:7484:0825/115900.479:VERBOSE1:google_apis\gaia\gaia_auth_util.cc:53] Canonicalized @gmail.com to @gmail.com
[10264:7484:0825/115900.479:VERBOSE1:components\signin\internal\identity_manager\mutable_profile_oauth2_token_service_delegate.cc:461] MutablePO2TS::RefreshTokenIsAvailable
[10264:7484:0825/115900.479:VERBOSE1:components\signin\internal\identity_manager\mutable_profile_oauth2_token_service_delegate.cc:461] MutablePO2TS::RefreshTokenIsAvailable
[10264:7484:0825/115900.479:VERBOSE1:components\signin\core\browser\account_reconcilor.cc:351] AccountReconcilor::OnEndBatchOfRefreshTokenStateChanges. Reconcilor state: 1
[10264:7484:0825/115900.481:VERBOSE1:chrome\browser\local_discovery\service_discovery_device_lister.cc:36] DeviceListerStart: service_type: _googlecast._tcp.local
[10264:7484:0825/115900.481:VERBOSE1:chrome\browser\local_discovery\service_discovery_device_lister.cc:42] DiscoverNewDevices: service_type: _googlecast._tcp.local
[10264:16664:0825/115900.491:VERBOSE1:content\browser\loader\file_url_loader_factory.cc:470] FileURLLoader::Start: file:///C:/Users/llame/.gemini/antigravity-ide/scratch/llamenina-fichas-tecnicas/index.html
[23968:7788:0825/115900.493:VERBOSE1:net\base\network_delegate.cc:38] NetworkDelegate::NotifyBeforeURLRequest: https://www.google.com/async/folae?async=_fmt:pb&udm=50&client_locale=pt-BR&client_country=br
[23968:21668:0825/115900.495:VERBOSE1:net\disk_cache\simple\simple_index_file.cc:625] Simple Cache Index is being restored from disk.
[23968:7788:0825/115900.495:VERBOSE1:net\base\network_delegate.cc:38] NetworkDelegate::NotifyBeforeURLRequest: https://www.google.com/async/folae?async=_fmt:pb&udm=50&client_locale=pt-BR&client_country=br
[23968:7788:0825/115900.503:VERBOSE1:net\proxy_resolution\configured_proxy_resolution_service.cc:1225] Failed configuring with PAC script, falling-back to manual proxy servers.
[23968:7788:0825/115900.508:VERBOSE1:net\proxy_resolution\configured_proxy_resolution_service.cc:1225] Failed configuring with PAC script, falling-back to manual proxy servers.
[23968:7788:0825/115900.508:VERBOSE1:net\base\network_delegate.cc:38] NetworkDelegate::NotifyBeforeURLRequest: https://www.gstatic.com/ohttp_gateway/hpke_public_keys/sbc_prod?key=AIzaSyA2KlwBX3mkFo30om9LUFYQhpqLoa_BNhE
[10264:7484:0825/115900.514:VERBOSE1:components\signin\internal\identity_manager\mutable_profile_oauth2_token_service_delegate.cc:461] MutablePO2TS::RefreshTokenIsAvailable
[23968:7788:0825/115900.517:VERBOSE1:net\proxy_resolution\configured_proxy_resolution_service.cc:1225] Failed configuring with PAC script, falling-back to manual proxy servers.
[10264:7484:0825/115900.518:VERBOSE1:chrome\browser\component_updater\widevine_cdm_component_installer.cc:94] Registering Widevine CDM 4.10.3050.0 with Chrome
[10264:7484:0825/115900.518:VERBOSE1:components\privacy_sandbox\privacy_sandbox_attestations\privacy_sandbox_attestations.cc:480] Parsed Privacy Sandbox Attestation list version: 2025.7.18.0
[10264:7484:0825/115900.518:VERBOSE1:components\privacy_sandbox\privacy_sandbox_attestations\privacy_sandbox_attestations.cc:482] Number of attestation entries: 263
[10264:7484:0825/115900.522:VERBOSE1:components\signin\internal\identity_manager\mutable_profile_oauth2_token_service_delegate.cc:461] MutablePO2TS::RefreshTokenIsAvailable
[22564:13244:0825/115900.539:VERBOSE1:extensions\renderer\script_context.cc:150] Created context:
  extension id:           (none)
  frame:                  0x326402030ef8
  URL:                    
  context_type:           WEBUI
  effective extension id: (none)
  effective context type: WEBUI
[22564:13244:0825/115900.539:VERBOSE1:extensions\renderer\script_context.cc:150] Created context:
  extension id:           (none)
  frame:                  (nil)
  URL:                    
  context_type:           UNSPECIFIED
  effective extension id: (none)
  effective context type: UNSPECIFIED
[22564:13244:0825/115900.541:VERBOSE1:extensions\renderer\dispatcher.cc:494] Num tracked contexts: 1
[10264:7484:0825/115900.543:VERBOSE1:chrome\browser\web_applications\locks\partitioned_lock_manager.cc:262] Acquiring <PartitionedLockId>{id: 0x31, partition: 0} for ScheduleAllFixes@chrome\browser\web_applications\generated_icon_fix_manager.cc:79
[10264:7484:0825/115900.543:VERBOSE1:chrome\browser\web_applications\locks\partitioned_lock_manager.cc:243] All locks acquired for ScheduleAllFixes@chrome\browser\web_applications\generated_icon_fix_manager.cc:79
[22564:13244:0825/115900.551:VERBOSE1:extensions\renderer\script_context.cc:150] Created context:
  extension id:           (none)
  frame:                  0x32640203cf90
  URL:                    
  context_type:           WEBUI
  effective extension id: (none)
  effective context type: WEBUI
[22564:13244:0825/115900.551:VERBOSE1:extensions\renderer\script_context.cc:150] Created context:
  extension id:           (none)
  frame:                  (nil)
  URL:                    
  context_type:           UNSPECIFIED
  effective extension id: (none)
  effective context type: UNSPECIFIED
[22564:13244:0825/115900.554:VERBOSE1:extensions\renderer\dispatcher.cc:494] Num tracked contexts: 2
[256:19192:0825/115900.559:VERBOSE1:extensions\renderer\script_context.cc:150] Created context:
  extension id:           (none)
  frame:                  0x1b2c02030ef8
  URL:                    
  context_type:           WEB_PAGE
  effective extension id: (none)
  effective context type: WEB_PAGE
[256:19192:0825/115900.559:VERBOSE1:extensions\renderer\script_context.cc:150] Created context:
  extension id:           (none)
  frame:                  (nil)
  URL:                    
  context_type:           UNSPECIFIED
  effective extension id: (none)
  effective context type: UNSPECIFIED
[256:19192:0825/115900.560:VERBOSE1:extensions\renderer\dispatcher.cc:494] Num tracked contexts: 1
[10264:7484:0825/115900.562:VERBOSE1:components\segmentation_platform\internal\signals\signal_filter_processor.cc:61] Segmentation platform started observing Session.TotalDuration
[10264:7484:0825/115900.562:VERBOSE1:components\segmentation_platform\internal\signals\signal_filter_processor.cc:61] Segmentation platform started observing Commerce.PriceDrops.ActiveTabNavigationComplete.IsProductDetailPage
[10264:7484:0825/115900.562:VERBOSE1:components\segmentation_platform\internal\signals\signal_filter_processor.cc:54] Segmentation platform started observing Autofill_PolledCreditCardSuggestions
[10264:7484:0825/115900.562:VERBOSE1:components\segmentation_platform\internal\signals\signal_filter_processor.cc:61] Segmentation platform started observing IOS.ParcelTracking.Tracked.AutoTrack
[10264:7484:0825/115900.562:VERBOSE1:components\segmentation_platform\internal\signals\signal_filter_processor.cc:61] Segmentation platform started observing Omnibox.SuggestionUsed.ClientSummarizedResultType
[10264:7484:0825/115900.562:VERBOSE1:components\segmentation_platform\internal\signals\signal_filter_processor.cc:54] Segmentation platform started observing MetadataWriter
[10264:7484:0825/115900.562:VERBOSE1:components\segmentation_platform\internal\signals\signal_filter_processor.cc:61] Segmentation platform started observing Sync.DeviceCount2
[10264:7484:0825/115900.562:VERBOSE1:components\segmentation_platform\internal\signals\signal_filter_processor.cc:61] Segmentation platform started observing Sync.DeviceCount2.Phone
[10264:7484:0825/115900.562:VERBOSE1:components\segmentation_platform\internal\signals\signal_filter_processor.cc:61] Segmentation platform started observing Sync.DeviceCount2.Desktop
[10264:7484:0825/115900.562:VERBOSE1:components\segmentation_platform\internal\signals\signal_filter_processor.cc:61] Segmentation platform started observing Sync.DeviceCount2.Tablet
[10264:7484:0825/115900.562:VERBOSE1:components\segmentation_platform\internal\signals\signal_filter_processor.cc:54] Segmentation platform started observing MobileBookmarkManagerOpen
[10264:7484:0825/115900.562:VERBOSE1:components\segmentation_platform\internal\signals\signal_filter_processor.cc:54] Segmentation platform started observing NewTabPage.MostVisited.Clicked
[10264:7484:0825/115900.562:VERBOSE1:components\segmentation_platform\internal\signals\signal_filter_processor.cc:54] Segmentation platform started observing TabGroup.Created.OpenInNewTab
[10264:7484:0825/115900.562:VERBOSE1:components\segmentation_platform\internal\signals\signal_filter_processor.cc:54] Segmentation platform started observing Android.HistoryPage.OpenItem
[10264:7484:0825/115900.562:VERBOSE1:components\segmentation_platform\internal\signals\signal_filter_processor.cc:54] Segmentation platform started observing MobileMenuRecentTabs
[10264:7484:0825/115900.562:VERBOSE1:components\segmentation_platform\internal\signals\signal_filter_processor.cc:61] Segmentation platform started observing PasswordManager.ManagePasswordsReferrer
[10264:7484:0825/115900.562:VERBOSE1:components\segmentation_platform\internal\signals\signal_filter_processor.cc:61] Segmentation platform started observing PasswordManager.ProfileStore.TotalAccountsHiRes3.WithScheme.Https
[10264:7484:0825/115900.562:VERBOSE1:components\segmentation_platform\internal\signals\signal_filter_processor.cc:61] Segmentation platform started observing PasswordManager.FillingAssistance
[10264:7484:0825/115900.562:VERBOSE1:components\segmentation_platform\internal\signals\signal_filter_processor.cc:61] Segmentation platform started observing PasswordManager.SavedPasswordIsGenerated
[10264:7484:0825/115900.562:VERBOSE1:components\segmentation_platform\internal\signals\signal_filter_processor.cc:61] Segmentation platform started observing PasswordManager.SaveUIDismissalReason
[10264:7484:0825/115900.562:VERBOSE1:components\segmentation_platform\internal\signals\signal_filter_processor.cc:61] Segmentation platform started observing PasswordManager.SaveUIDismissalReason
[10264:7484:0825/115900.562:VERBOSE1:components\segmentation_platform\internal\signals\signal_filter_processor.cc:61] Segmentation platform started observing IOS.CredentialExtension.IsEnabled.Startup
[10264:7484:0825/115900.562:VERBOSE1:components\segmentation_platform\internal\signals\signal_filter_processor.cc:61] Segmentation platform started observing Session.TotalDuration
[10264:7484:0825/115900.568:VERBOSE1:chrome\browser\web_applications\locks\partitioned_lock_manager.cc:286] Releasing <PartitionedLockId>{id: 0x31, partition: 0} requested by ScheduleAllFixes@chrome\browser\web_applications\generated_icon_fix_manager.cc:79
[10264:7484:0825/115900.568:VERBOSE1:chrome\browser\web_applications\locks\partitioned_lock_manager.cc:318] Acquiring <PartitionedLockId>{id: 0x31, partition: 0} for OnSyncBridgeReady@chrome\browser\web_applications\web_app_provider.cc:562
[10264:7484:0825/115900.568:VERBOSE1:chrome\browser\web_applications\locks\partitioned_lock_manager.cc:243] All locks acquired for OnSyncBridgeReady@chrome\browser\web_applications\web_app_provider.cc:562
[25408:21924:0825/115900.573:VERBOSE1:base\allocator\scheduler_loop_quarantine_config.cc:180] No entry found for renderer/global.
[25408:21924:0825/115900.573:VERBOSE1:base\allocator\scheduler_loop_quarantine_config.cc:180] No entry found for renderer/*.
[25408:21924:0825/115900.573:VERBOSE1:base\allocator\scheduler_loop_quarantine_config.cc:180] No entry found for renderer/amsc.
[25408:21924:0825/115900.573:VERBOSE1:base\allocator\scheduler_loop_quarantine_config.cc:180] No entry found for renderer/main.
[25408:21924:0825/115900.573:VERBOSE1:base\allocator\scheduler_loop_quarantine_config.cc:180] No entry found for renderer/io.
[23968:7788:0825/115900.574:VERBOSE1:net\base\network_delegate.cc:38] NetworkDelegate::NotifyBeforeURLRequest: https://fonts.googleapis.com/css2?family=Inter:wght@400;500;600;700&display=swap
[25408:21924:0825/115900.575:VERBOSE1:base\allocator\scheduler_loop_quarantine_config.cc:180] No entry found for renderer/main.
[23968:7788:0825/115900.580:VERBOSE1:net\base\network_delegate.cc:38] NetworkDelegate::NotifyBeforeURLRequest: https://cdn.jsdelivr.net/npm/qrcodejs@1.0.0/qrcode.min.js
[23968:7788:0825/115900.588:VERBOSE1:net\third_party\quiche\src\quiche\quic\core\tls_handshaker.cc:109] TlsClient: Continuing handshake
[25408:21924:0825/115900.603:INFO:third_party\webrtc\rtc_base\cpu_info.cc:77] Available number of cores: 8
[10264:7484:0825/115900.615:VERBOSE1:chrome\browser\web_applications\locks\partitioned_lock_manager.cc:286] Releasing <PartitionedLockId>{id: 0x31, partition: 0} requested by OnSyncBridgeReady@chrome\browser\web_applications\web_app_provider.cc:562
[23968:7788:0825/115900.619:VERBOSE1:net\third_party\quiche\src\quiche\quic\core\tls_handshaker.cc:109] TlsClient: Continuing handshake
[22564:13244:0825/115900.621:VERBOSE1:third_party\blink\renderer\core\script\modulator_impl_base.cc:142] "Import Map: \"chrome://resources/js/load_time_data.js\" skips prefix match because of non-special URL scheme"
[22564:13244:0825/115900.621:VERBOSE1:third_party\blink\renderer\core\script\modulator_impl_base.cc:142] "Import Map: \"chrome://resources/lit/v3_0/lit.rollup.js\" skips prefix match because of non-special URL scheme"
[22564:13244:0825/115900.621:VERBOSE1:third_party\blink\renderer\core\script\modulator_impl_base.cc:142] "Import Map: \"chrome://resources/mojo/mojo/public/js/bindings.js\" skips prefix match because of non-special URL scheme"
[22564:13244:0825/115900.621:VERBOSE1:third_party\blink\renderer\core\script\modulator_impl_base.cc:142] "Import Map: \"chrome://resources/js/cr.js\" skips prefix match because of non-special URL scheme"
[22564:13244:0825/115900.621:VERBOSE1:third_party\blink\renderer\core\script\modulator_impl_base.cc:142] "Import Map: \"chrome://resources/mojo/mojo/public/mojom/base/string16.mojom-webui.js\" skips prefix match because of non-special URL scheme"
[22564:13244:0825/115900.621:VERBOSE1:third_party\blink\renderer\core\script\modulator_impl_base.cc:142] "Import Map: \"chrome://resources/mojo/mojo/public/mojom/base/time.mojom-webui.js\" skips prefix match because of non-special URL scheme"
[22564:13244:0825/115900.623:VERBOSE1:third_party\blink\renderer\core\script\modulator_impl_base.cc:142] "Import Map: \"chrome://resources/mojo/url/mojom/url.mojom-webui.js\" skips prefix match because of non-special URL scheme"
[22564:13244:0825/115900.623:VERBOSE1:third_party\blink\renderer\core\script\modulator_impl_base.cc:142] "Import Map: \"chrome://omnibox-popup.top-chrome/strings.m.js\" skips prefix match because of non-special URL scheme"
[22564:13244:0825/115900.623:VERBOSE1:third_party\blink\renderer\core\script\modulator_impl_base.cc:142] "Import Map: \"chrome://resources/cr_components/color_change_listener/color_change_listener.mojom-webui.js\" skips prefix match because of non-special URL scheme"
[22564:13244:0825/115900.623:VERBOSE1:third_party\blink\renderer\core\script\modulator_impl_base.cc:142] "Import Map: \"chrome://resources/js/load_time_data.js\" skips prefix match because of non-special URL scheme"
[22564:13244:0825/115900.623:VERBOSE1:third_party\blink\renderer\core\script\modulator_impl_base.cc:142] "Import Map: \"chrome://resources/lit/v3_0/lit.rollup.js\" skips prefix match because of non-special URL scheme"
[22564:13244:0825/115900.623:VERBOSE1:third_party\blink\renderer\core\script\modulator_impl_base.cc:142] "Import Map: \"chrome://resources/mojo/mojo/public/js/bindings.js\" skips prefix match because of non-special URL scheme"
[22564:13244:0825/115900.623:VERBOSE1:third_party\blink\renderer\core\script\modulator_impl_base.cc:142] "Import Map: \"chrome://resources/js/cr.js\" skips prefix match because of non-special URL scheme"
[22564:13244:0825/115900.623:VERBOSE1:third_party\blink\renderer\core\script\modulator_impl_base.cc:142] "Import Map: \"chrome://resources/mojo/mojo/public/mojom/base/string16.mojom-webui.js\" skips prefix match because of non-special URL scheme"
[22564:13244:0825/115900.623:VERBOSE1:third_party\blink\renderer\core\script\modulator_impl_base.cc:142] "Import Map: \"chrome://resources/mojo/mojo/public/mojom/base/time.mojom-webui.js\" skips prefix match because of non-special URL scheme"
[22564:13244:0825/115900.623:VERBOSE1:third_party\blink\renderer\core\script\modulator_impl_base.cc:142] "Import Map: \"chrome://resources/mojo/url/mojom/url.mojom-webui.js\" skips prefix match because of non-special URL scheme"
[22564:13244:0825/115900.623:VERBOSE1:third_party\blink\renderer\core\script\modulator_impl_base.cc:142] "Import Map: \"chrome://omnibox-popup.top-chrome/strings.m.js\" skips prefix match because of non-special URL scheme"
[22564:13244:0825/115900.623:VERBOSE1:third_party\blink\renderer\core\script\modulator_impl_base.cc:142] "Import Map: \"chrome://resources/cr_components/color_change_listener/color_change_listener.mojom-webui.js\" skips prefix match because of non-special URL scheme"
[22564:13244:0825/115900.642:VERBOSE1:third_party\blink\renderer\core\script\modulator_impl_base.cc:142] "Import Map: \"chrome://resources/js/assert.js\" skips prefix match because of non-special URL scheme"
[22564:13244:0825/115900.642:VERBOSE1:third_party\blink\renderer\core\script\modulator_impl_base.cc:142] "Import Map: \"chrome://resources/js/assert.js\" skips prefix match because of non-special URL scheme"
[22564:13244:0825/115900.644:VERBOSE1:third_party\blink\renderer\core\script\modulator_impl_base.cc:142] "Import Map: \"chrome://resources/js/assert.js\" skips prefix match because of non-special URL scheme"
[22564:13244:0825/115900.644:VERBOSE1:third_party\blink\renderer\core\script\modulator_impl_base.cc:142] "Import Map: \"chrome://resources/js/promise_resolver.js\" skips prefix match because of non-special URL scheme"
[22564:13244:0825/115900.644:VERBOSE1:third_party\blink\renderer\core\script\modulator_impl_base.cc:142] "Import Map: \"chrome://resources/mojo/mojo/public/js/bindings.js\" skips prefix match because of non-special URL scheme"
[22564:13244:0825/115900.644:VERBOSE1:third_party\blink\renderer\core\script\modulator_impl_base.cc:142] "Import Map: \"chrome://resources/mojo/mojo/public/mojom/base/big_buffer.mojom-webui.js\" skips prefix match because of non-special URL scheme"
[22564:13244:0825/115900.644:VERBOSE1:third_party\blink\renderer\core\script\modulator_impl_base.cc:142] "Import Map: \"chrome://resources/mojo/mojo/public/mojom/base/string16.mojom-converters.js\" skips prefix match because of non-special URL scheme"
[22564:13244:0825/115900.644:VERBOSE1:third_party\blink\renderer\core\script\modulator_impl_base.cc:142] "Import Map: \"chrome://resources/mojo/mojo/public/mojom/base/string16_converter.js\" skips prefix match because of non-special URL scheme"
[10264:7484:0825/115900.649:VERBOSE1:components\signin\internal\identity_manager\mutable_profile_oauth2_token_service_delegate.cc:461] MutablePO2TS::RefreshTokenIsAvailable
[22564:13244:0825/115900.653:VERBOSE1:third_party\blink\renderer\core\script\modulator_impl_base.cc:142] "Import Map: \"chrome://resources/mojo/mojo/public/js/bindings.js\" skips prefix match because of non-special URL scheme"
[22564:13244:0825/115900.655:VERBOSE1:third_party\blink\renderer\core\script\modulator_impl_base.cc:142] "Import Map: \"chrome://resources/mojo/mojo/public/mojom/base/time.mojom-converters.js\" skips prefix match because of non-special URL scheme"
[22564:13244:0825/115900.655:VERBOSE1:third_party\blink\renderer\core\script\modulator_impl_base.cc:142] "Import Map: \"chrome://resources/mojo/mojo/public/mojom/base/time_converters.js\" skips prefix match because of non-special URL scheme"
[22564:13244:0825/115900.655:VERBOSE1:third_party\blink\renderer\core\script\modulator_impl_base.cc:142] "Import Map: \"chrome://resources/mojo/mojo/public/js/bindings.js\" skips prefix match because of non-special URL scheme"
[22564:13244:0825/115900.655:VERBOSE1:third_party\blink\renderer\core\script\modulator_impl_base.cc:142] "Import Map: \"chrome://resources/mojo/url/mojom/url.mojom-converters.js\" skips prefix match because of non-special URL scheme"
[22564:13244:0825/115900.655:VERBOSE1:third_party\blink\renderer\core\script\modulator_impl_base.cc:142] "Import Map: \"chrome://resources/mojo/url/mojom/url_converter.js\" skips prefix match because of non-special URL scheme"
[21432:11172:0825/115900.659:VERBOSE1:base\allocator\scheduler_loop_quarantine_config.cc:180] No entry found for renderer/global.
[21432:11172:0825/115900.659:VERBOSE1:base\allocator\scheduler_loop_quarantine_config.cc:180] No entry found for renderer/*.
[21432:11172:0825/115900.659:VERBOSE1:base\allocator\scheduler_loop_quarantine_config.cc:180] No entry found for renderer/amsc.
[21432:11172:0825/115900.659:VERBOSE1:base\allocator\scheduler_loop_quarantine_config.cc:180] No entry found for renderer/main.
[21432:11172:0825/115900.659:VERBOSE1:base\allocator\scheduler_loop_quarantine_config.cc:180] No entry found for renderer/io.
[21432:11172:0825/115900.659:VERBOSE1:base\allocator\scheduler_loop_quarantine_config.cc:180] No entry found for renderer/main.
[22564:13244:0825/115900.659:VERBOSE1:third_party\blink\renderer\core\script\modulator_impl_base.cc:142] "Import Map: \"chrome://resources/mojo/mojo/public/js/bindings.js\" skips prefix match because of non-special URL scheme"
[10264:23156:0825/115900.661:VERBOSE1:content\browser\loader\file_url_loader_factory.cc:470] FileURLLoader::Start: file:///C:/Users/llame/.gemini/antigravity-ide/scratch/llamenina-fichas-tecnicas/css/variables.css
[10264:15772:0825/115900.661:VERBOSE1:net\disk_cache\simple\simple_index_file.cc:625] Simple Cache Index is being restored from disk.
[10264:23156:0825/115900.661:VERBOSE1:content\browser\loader\file_url_loader_factory.cc:470] FileURLLoader::Start: file:///C:/Users/llame/.gemini/antigravity-ide/scratch/llamenina-fichas-tecnicas/css/base.css
[10264:23156:0825/115900.663:VERBOSE1:content\browser\loader\file_url_loader_factory.cc:470] FileURLLoader::Start: file:///C:/Users/llame/.gemini/antigravity-ide/scratch/llamenina-fichas-tecnicas/css/components.css
[25408:21924:0825/115900.663:VERBOSE1:extensions\renderer\script_context.cc:150] Created context:
  extension id:           nkeimhogjdpnpccoofpliimaahmaaome
  frame:                  0x1c4c02030ef8
  URL:                    
  context_type:           BLESSED_EXTENSION
  effective extension id: nkeimhogjdpnpccoofpliimaahmaaome
  effective context type: BLESSED_EXTENSION
[10264:23156:0825/115900.663:VERBOSE1:content\browser\loader\file_url_loader_factory.cc:470] FileURLLoader::Start: file:///C:/Users/llame/.gemini/antigravity-ide/scratch/llamenina-fichas-tecnicas/css/print.css
[25408:21924:0825/115900.665:VERBOSE1:extensions\renderer\script_context.cc:150] Created context:
  extension id:           (none)
  frame:                  (nil)
  URL:                    
  context_type:           UNSPECIFIED
  effective extension id: (none)
  effective context type: UNSPECIFIED
[25408:21924:0825/115900.669:VERBOSE1:extensions\renderer\dispatcher.cc:494] Num tracked contexts: 1
[22564:13244:0825/115900.676:VERBOSE1:third_party\blink\renderer\core\script\modulator_impl_base.cc:142] "Import Map: \"chrome://resources/js/load_time_data.js\" skips prefix match because of non-special URL scheme"
[22564:13244:0825/115900.676:VERBOSE1:third_party\blink\renderer\core\script\modulator_impl_base.cc:142] "Import Map: \"chrome://resources/mojo/mojo/public/js/bindings.js\" skips prefix match because of non-special URL scheme"
[22564:13244:0825/115900.676:VERBOSE1:third_party\blink\renderer\core\script\modulator_impl_base.cc:142] "Import Map: \"chrome://resources/mojo/mojo/public/mojom/base/big_buffer.mojom-webui.js\" skips prefix match because of non-special URL scheme"
[22564:13244:0825/115900.676:VERBOSE1:third_party\blink\renderer\core\script\modulator_impl_base.cc:142] "Import Map: \"chrome://resources/mojo/mojo/public/mojom/base/string16.mojom-converters.js\" skips prefix match because of non-special URL scheme"
[22564:13244:0825/115900.676:VERBOSE1:third_party\blink\renderer\core\script\modulator_impl_base.cc:142] "Import Map: \"chrome://resources/mojo/mojo/public/mojom/base/string16_converter.js\" skips prefix match because of non-special URL scheme"
[22564:13244:0825/115900.676:VERBOSE1:third_party\blink\renderer\core\script\modulator_impl_base.cc:142] "Import Map: \"chrome://resources/js/assert.js\" skips prefix match because of non-special URL scheme"
[22564:13244:0825/115900.676:VERBOSE1:third_party\blink\renderer\core\script\modulator_impl_base.cc:142] "Import Map: \"chrome://resources/js/promise_resolver.js\" skips prefix match because of non-special URL scheme"
[22564:13244:0825/115900.678:VERBOSE1:third_party\blink\renderer\core\script\modulator_impl_base.cc:142] "Import Map: \"chrome://resources/mojo/mojo/public/js/bindings.js\" skips prefix match because of non-special URL scheme"
[22564:13244:0825/115900.678:VERBOSE1:third_party\blink\renderer\core\script\modulator_impl_base.cc:142] "Import Map: \"chrome://resources/mojo/url/mojom/url.mojom-converters.js\" skips prefix match because of non-special URL scheme"
[22564:13244:0825/115900.678:VERBOSE1:third_party\blink\renderer\core\script\modulator_impl_base.cc:142] "Import Map: \"chrome://resources/mojo/url/mojom/url_converter.js\" skips prefix match because of non-special URL scheme"
[22564:13244:0825/115900.678:VERBOSE1:third_party\blink\renderer\core\script\modulator_impl_base.cc:142] "Import Map: \"chrome://resources/mojo/mojo/public/js/bindings.js\" skips prefix match because of non-special URL scheme"
[22564:13244:0825/115900.678:VERBOSE1:third_party\blink\renderer\core\script\modulator_impl_base.cc:142] "Import Map: \"chrome://resources/mojo/mojo/public/mojom/base/time.mojom-converters.js\" skips prefix match because of non-special URL scheme"
[22564:13244:0825/115900.678:VERBOSE1:third_party\blink\renderer\core\script\modulator_impl_base.cc:142] "Import Map: \"chrome://resources/mojo/mojo/public/mojom/base/time_converters.js\" skips prefix match because of non-special URL scheme"
[22564:13244:0825/115900.678:VERBOSE1:third_party\blink\renderer\core\script\modulator_impl_base.cc:142] "Import Map: \"chrome://resources/mojo/mojo/public/js/bindings.js\" skips prefix match because of non-special URL scheme"
[22564:13244:0825/115900.679:VERBOSE1:third_party\blink\renderer\core\script\modulator_impl_base.cc:142] "Import Map: \"chrome://resources/js/load_time_data.js\" skips prefix match because of non-special URL scheme"
[22564:13244:0825/115900.679:VERBOSE1:third_party\blink\renderer\core\script\modulator_impl_base.cc:142] "Import Map: \"chrome://resources/mojo/mojo/public/js/bindings.js\" skips prefix match because of non-special URL scheme"
[22564:13244:0825/115900.679:VERBOSE1:third_party\blink\renderer\core\script\modulator_impl_base.cc:142] "Import Map: \"chrome://resources/mojo/mojo/public/js/bindings.js\" skips prefix match because of non-special URL scheme"
[22564:13244:0825/115900.679:VERBOSE1:third_party\blink\renderer\core\script\modulator_impl_base.cc:142] "Import Map: \"chrome://resources/mojo/mojo/public/js/bindings.js\" skips prefix match because of non-special URL scheme"
[21432:11172:0825/115900.681:INFO:third_party\webrtc\rtc_base\cpu_info.cc:77] Available number of cores: 8
[23968:7788:0825/115900.695:VERBOSE1:net\third_party\quiche\src\quiche\quic\core\tls_handshaker.cc:109] TlsClient: Continuing handshake
[23968:7788:0825/115900.699:VERBOSE1:net\third_party\quiche\src\quiche\quic\core\tls_handshaker.cc:109] TlsClient: Continuing handshake
[23968:7788:0825/115900.699:VERBOSE1:net\third_party\quiche\src\quiche\quic\core\tls_handshaker.cc:109] TlsClient: Continuing handshake
[23968:7788:0825/115900.712:VERBOSE1:net\third_party\quiche\src\quiche\quic\core\tls_handshaker.cc:109] TlsClient: Continuing handshake
[23968:7788:0825/115900.712:VERBOSE1:net\third_party\quiche\src\quiche\quic\core\tls_handshaker.cc:109] TlsClient: Continuing handshake
[23968:7788:0825/115900.712:VERBOSE1:net\third_party\quiche\src\quiche\quic\core\tls_handshaker.cc:109] TlsClient: Continuing handshake
[23968:7788:0825/115900.712:VERBOSE1:net\third_party\quiche\src\quiche\quic\core\tls_handshaker.cc:109] TlsClient: Continuing handshake
[21432:11172:0825/115900.760:VERBOSE1:extensions\renderer\script_context.cc:150] Created context:
  extension id:           nkeimhogjdpnpccoofpliimaahmaaome
  frame:                  0x137c02030ef8
  URL:                    
  context_type:           BLESSED_EXTENSION
  effective extension id: nkeimhogjdpnpccoofpliimaahmaaome
  effective context type: BLESSED_EXTENSION
[23968:7788:0825/115900.760:VERBOSE1:net\third_party\quiche\src\quiche\quic\core\tls_handshaker.cc:109] TlsClient: Continuing handshake
[23968:7788:0825/115900.760:VERBOSE1:net\third_party\quiche\src\quiche\quic\core\tls_handshaker.cc:109] TlsClient: Continuing handshake
[23968:7788:0825/115900.762:VERBOSE1:net\third_party\quiche\src\quiche\quic\core\tls_handshaker.cc:109] TlsClient: Continuing handshake
[21432:11172:0825/115900.762:VERBOSE1:extensions\renderer\script_context.cc:150] Created context:
  extension id:           (none)
  frame:                  (nil)
  URL:                    
  context_type:           UNSPECIFIED
  effective extension id: (none)
  effective context type: UNSPECIFIED
[21432:11172:0825/115900.764:VERBOSE1:extensions\renderer\dispatcher.cc:494] Num tracked contexts: 1
[23968:7788:0825/115900.764:VERBOSE1:net\third_party\quiche\src\quiche\quic\core\tls_handshaker.cc:109] TlsClient: Continuing handshake
[6088:1104:0825/115900.766:VERBOSE1:base\allocator\scheduler_loop_quarantine_config.cc:180] No entry found for renderer/global.
[6088:1104:0825/115900.766:VERBOSE1:base\allocator\scheduler_loop_quarantine_config.cc:180] No entry found for renderer/*.
[6088:1104:0825/115900.766:VERBOSE1:base\allocator\scheduler_loop_quarantine_config.cc:180] No entry found for renderer/amsc.
[6088:1104:0825/115900.766:VERBOSE1:base\allocator\scheduler_loop_quarantine_config.cc:180] No entry found for renderer/main.
[6088:1104:0825/115900.766:VERBOSE1:base\allocator\scheduler_loop_quarantine_config.cc:180] No entry found for renderer/io.
[6088:1104:0825/115900.766:VERBOSE1:base\allocator\scheduler_loop_quarantine_config.cc:180] No entry found for renderer/main.
[10264:7484:0825/115900.772:VERBOSE1:components\segmentation_platform\internal\selection\segment_result_provider.cc:136] GetSegmentResult: segment=OPTIMIZATION_TARGET_SEGMENTATION_DEVICE_SWITCHER ignoring DB score, executing model.
[10264:7484:0825/115900.772:VERBOSE1:components\segmentation_platform\internal\selection\segment_result_provider.cc:277] ExecuteModelAndGetScore: segment=OPTIMIZATION_TARGET_SEGMENTATION_DEVICE_SWITCHER server segment info not available
[10264:7484:0825/115900.772:VERBOSE1:components\segmentation_platform\internal\selection\segment_result_provider.cc:210] OnGotModelScore: segment=OPTIMIZATION_TARGET_SEGMENTATION_DEVICE_SWITCHER failed to get database model score, trying default model.
[6088:1104:0825/115900.774:INFO:third_party\webrtc\rtc_base\cpu_info.cc:77] Available number of cores: 8
[23968:7788:0825/115900.776:VERBOSE1:net\third_party\quiche\src\quiche\quic\core\tls_handshaker.cc:109] TlsClient: Continuing handshake
[23968:7788:0825/115900.776:VERBOSE1:net\third_party\quiche\src\quiche\quic\core\tls_handshaker.cc:109] TlsClient: Continuing handshake
[23968:7788:0825/115900.779:VERBOSE1:net\third_party\quiche\src\quiche\quic\core\tls_handshaker.cc:109] TlsClient: Continuing handshake
[22564:13244:0825/115900.818:VERBOSE1:third_party\blink\renderer\core\script\modulator_impl_base.cc:142] "Import Map: \"chrome://resources/mojo/mojo/public/js/bindings.js\" skips prefix match because of non-special URL scheme"
[22564:13244:0825/115900.818:VERBOSE1:third_party\blink\renderer\core\script\modulator_impl_base.cc:142] "Import Map: \"chrome://resources/mojo/mojo/public/js/bindings.js\" skips prefix match because of non-special URL scheme"
[22564:13244:0825/115900.818:VERBOSE1:third_party\blink\renderer\core\script\modulator_impl_base.cc:142] "Import Map: \"chrome://resources/mojo/mojo/public/js/bindings.js\" skips prefix match because of non-special URL scheme"
[22564:13244:0825/115900.818:VERBOSE1:third_party\blink\renderer\core\script\modulator_impl_base.cc:142] "Import Map: \"chrome://resources/mojo/mojo/public/js/bindings.js\" skips prefix match because of non-special URL scheme"
[22564:13244:0825/115900.818:VERBOSE1:third_party\blink\renderer\core\script\modulator_impl_base.cc:142] "Import Map: \"chrome://resources/mojo/mojo/public/js/bindings.js\" skips prefix match because of non-special URL scheme"
[6088:8520:0825/115900.834:VERBOSE1:extensions\renderer\script_context.cc:150] Created context:
  extension id:           fignfifoniblkonapihmkfakmlgkbkcf
  frame:                  (nil)
  URL:                    
  context_type:           BLESSED_EXTENSION
  effective extension id: fignfifoniblkonapihmkfakmlgkbkcf
  effective context type: BLESSED_EXTENSION
[6088:8520:0825/115900.837:VERBOSE1:extensions\renderer\script_context.cc:150] Created context:
  extension id:           (none)
  frame:                  (nil)
  URL:                    
  context_type:           UNSPECIFIED
  effective extension id: (none)
  effective context type: UNSPECIFIED
[18800:6056:0825/115900.843:VERBOSE1:base\allocator\scheduler_loop_quarantine_config.cc:180] No entry found for renderer/global.
[18800:6056:0825/115900.843:VERBOSE1:base\allocator\scheduler_loop_quarantine_config.cc:180] No entry found for renderer/*.
[18800:6056:0825/115900.843:VERBOSE1:base\allocator\scheduler_loop_quarantine_config.cc:180] No entry found for renderer/amsc.
[18800:6056:0825/115900.843:VERBOSE1:base\allocator\scheduler_loop_quarantine_config.cc:180] No entry found for renderer/main.
[18800:6056:0825/115900.843:VERBOSE1:base\allocator\scheduler_loop_quarantine_config.cc:180] No entry found for renderer/io.
[18800:6056:0825/115900.845:VERBOSE1:base\allocator\scheduler_loop_quarantine_config.cc:180] No entry found for renderer/main.
[18800:6056:0825/115900.845:INFO:third_party\webrtc\rtc_base\cpu_info.cc:77] Available number of cores: 8
[10264:7484:0825/115901.211:INFO:CONSOLE:0] "Failed to find a valid digest in the 'integrity' attribute for resource 'https://cdn.jsdelivr.net/npm/qrcodejs@1.0.0/qrcode.min.js' with computed SHA-256 integrity 'xUHvBjJ4hahBW8qN9gceFBibSFUzbe9PNttUvehITzY='. The resource has been blocked.", source: file:///C:/Users/llame/.gemini/antigravity-ide/scratch/llamenina-fichas-tecnicas/index.html (0)
[10264:7484:0825/115901.253:VERBOSE1:components\signin\core\browser\account_reconcilor.cc:592] AccountReconcilor::OnAccountsInCookieUpdated: CookieJar 0 accounts, Reconcilor's state is 1, Error was 
[10264:7484:0825/115901.253:VERBOSE1:components\signin\core\browser\account_reconcilor.cc:686] AccountReconcilor::LoadValidAccountsFromTokenService: Chrome 0 accounts
[10264:7484:0825/115901.253:VERBOSE1:components\signin\core\browser\account_reconcilor.cc:823] AccountReconcilor::CalculateIfMultiloginReconcileIsDone: Error was 
[10264:7484:0825/115901.253:VERBOSE1:components\signin\core\browser\account_reconcilor.cc:722] AccountReconcilor::StartReconcileIfChromeAccountsChanged
[10264:7484:0825/115901.253:VERBOSE1:components\signin\core\browser\account_reconcilor.cc:592] AccountReconcilor::OnAccountsInCookieUpdated: CookieJar 0 accounts, Reconcilor's state is 1, Error was 
[10264:7484:0825/115901.253:VERBOSE1:components\signin\core\browser\account_reconcilor.cc:686] AccountReconcilor::LoadValidAccountsFromTokenService: Chrome 0 accounts
[10264:7484:0825/115901.253:VERBOSE1:components\signin\core\browser\account_reconcilor.cc:823] AccountReconcilor::CalculateIfMultiloginReconcileIsDone: Error was 
[10264:7484:0825/115901.253:VERBOSE1:components\signin\core\browser\account_reconcilor.cc:722] AccountReconcilor::StartReconcileIfChromeAccountsChanged
[10264:15772:0825/115901.260:VERBOSE1:content\browser\loader\file_url_loader_factory.cc:470] FileURLLoader::Start: file:///C:/Users/llame/.gemini/antigravity-ide/scratch/llamenina-fichas-tecnicas/js/security.js
[23968:7788:0825/115901.261:VERBOSE1:net\base\network_delegate.cc:38] NetworkDelegate::NotifyBeforeURLRequest: https://fonts.gstatic.com/s/inter/v20/UcC73FwrK3iLTeHuS_nVMrMxCp50SjIa1ZL7.woff2
[23968:7788:0825/115901.320:VERBOSE1:net\base\network_delegate.cc:38] NetworkDelegate::NotifyBeforeURLRequest: https://fonts.gstatic.com/s/inter/v20/UcC73FwrK3iLTeHuS_nVMrMxCp50SjIa1ZL7.woff2
[10264:23156:0825/115901.329:VERBOSE1:content\browser\loader\file_url_loader_factory.cc:470] FileURLLoader::Start: file:///C:/Users/llame/.gemini/antigravity-ide/scratch/llamenina-fichas-tecnicas/js/config.js
[10264:23156:0825/115901.330:VERBOSE1:content\browser\loader\file_url_loader_factory.cc:470] FileURLLoader::Start: file:///C:/Users/llame/.gemini/antigravity-ide/scratch/llamenina-fichas-tecnicas/js/api.js
[10264:23156:0825/115901.330:VERBOSE1:content\browser\loader\file_url_loader_factory.cc:470] FileURLLoader::Start: file:///C:/Users/llame/.gemini/antigravity-ide/scratch/llamenina-fichas-tecnicas/js/form.js
[10264:23156:0825/115901.336:VERBOSE1:content\browser\loader\file_url_loader_factory.cc:470] FileURLLoader::Start: file:///C:/Users/llame/.gemini/antigravity-ide/scratch/llamenina-fichas-tecnicas/js/print.js
[10264:23156:0825/115901.338:VERBOSE1:content\browser\loader\file_url_loader_factory.cc:470] FileURLLoader::Start: file:///C:/Users/llame/.gemini/antigravity-ide/scratch/llamenina-fichas-tecnicas/js/app.js
[20444:7712:0825/115901.380:VERBOSE1:base\allocator\scheduler_loop_quarantine_config.cc:180] No entry found for utility.dat..oderService/global.
[20444:7712:0825/115901.380:VERBOSE1:base\allocator\scheduler_loop_quarantine_config.cc:180] No entry found for utility.data_..ecoderService/*.
[20444:7712:0825/115901.380:VERBOSE1:base\allocator\scheduler_loop_quarantine_config.cc:180] No entry found for utility.data..coderService/amsc.
[20444:7712:0825/115901.380:VERBOSE1:base\allocator\scheduler_loop_quarantine_config.cc:180] No entry found for utility/main.
[20444:7712:0825/115901.380:VERBOSE1:base\allocator\scheduler_loop_quarantine_config.cc:180] No entry found for utility/io.
[20444:7712:0825/115901.380:VERBOSE1:base\allocator\scheduler_loop_quarantine_config.cc:180] No entry found for utility.data..coderService/main.
[23968:7788:0825/115901.390:VERBOSE1:net\base\network_delegate.cc:38] NetworkDelegate::NotifyBeforeURLRequest: https://clients2.googleusercontent.com/crx/blobs/Abe5cL6A_jaaNXApcJCLOoGa79zAaQm3TAdaAxPZgBj_5TEF2GcWgawLWVOjCtWJy-62xNz5nkpLhywefHKfcA7VE1mTOm8zrFv598kNndU2NEQDlTxpxS0LJJjKMozEdq0AxlKa5Z-i_McpVGwijS_fx-_DkKqdWg3Y/GHBMNNJOOEKPMOECNNNILNNBDLOLHKHI_1_109_1_0.crx
[23968:7788:0825/115901.394:VERBOSE1:net\third_party\quiche\src\quiche\quic\core\tls_handshaker.cc:109] TlsClient: Continuing handshake
[23968:7788:0825/115901.519:VERBOSE1:net\third_party\quiche\src\quiche\quic\core\tls_handshaker.cc:109] TlsClient: Continuing handshake
[23968:7788:0825/115901.519:VERBOSE1:net\third_party\quiche\src\quiche\quic\core\tls_handshaker.cc:109] TlsClient: Continuing handshake
[23968:7788:0825/115901.519:VERBOSE1:net\third_party\quiche\src\quiche\quic\core\tls_handshaker.cc:109] TlsClient: Continuing handshake
[23968:7788:0825/115901.523:VERBOSE1:net\third_party\quiche\src\quiche\quic\core\tls_handshaker.cc:109] TlsClient: Continuing handshake
[23968:7788:0825/115901.523:VERBOSE1:net\third_party\quiche\src\quiche\quic\core\tls_handshaker.cc:109] TlsClient: Continuing handshake
[23968:7788:0825/115901.526:VERBOSE1:net\third_party\quiche\src\quiche\quic\core\tls_handshaker.cc:109] TlsClient: Continuing handshake
[10264:7484:0825/115902.069:VERBOSE1:chrome\browser\profiles\profile_manager.cc:1407] AddKeepAlive(Default, kExtensionUpdater). keep_alives=[kWaitingForFirstBrowserWindow (1), kOffTheRecordProfile (1), kExtensionUpdater (2)]
[23968:7788:0825/115902.069:VERBOSE1:net\base\network_delegate.cc:38] NetworkDelegate::NotifyBeforeURLRequest: http://redirector.gvt1.com/edgedl/chromewebstore/L2Nocm9tZV9leHRlbnNpb24vYmxvYnMvNzI0QUFXNV9zT2RvdUwyMERESEZGVmJnQQ/1.0.0.6_nmmhkkegccagdldgiimedpiccmgmieda.crx
[23968:7788:0825/115902.533:VERBOSE1:net\base\network_delegate.cc:38] NetworkDelegate::NotifyBeforeURLRequest: http://r3---sn-uphcg51pa-cnce.gvt1.com/edgedl/chromewebstore/L2Nocm9tZV9leHRlbnNpb24vYmxvYnMvNzI0QUFXNV9zT2RvdUwyMERESEZGVmJnQQ/1.0.0.6_nmmhkkegccagdldgiimedpiccmgmieda.crx?cms_redirect=yes&met=1787669940,&mh=e_&mip=2804:214:a149:6058:c84c:9d54:9615:4694&mm=28&mn=sn-uphcg51pa-cnce&ms=nvh&mt=1787669535&mv=m&mvi=3&pcm2cms=yes&pl=44&rmhost=r5---sn-uphcg51pa-cnce.gvt1.com&rms=nvh,nvh&shardbypass=sd
[14844:19296:0825/115902.617:VERBOSE1:base\allocator\scheduler_loop_quarantine_config.cc:180] No entry found for renderer/global.
[14844:19296:0825/115902.617:VERBOSE1:base\allocator\scheduler_loop_quarantine_config.cc:180] No entry found for renderer/*.
[14844:19296:0825/115902.617:VERBOSE1:base\allocator\scheduler_loop_quarantine_config.cc:180] No entry found for renderer/amsc.
[14844:19296:0825/115902.617:VERBOSE1:base\allocator\scheduler_loop_quarantine_config.cc:180] No entry found for renderer/main.
[14844:19296:0825/115902.617:VERBOSE1:base\allocator\scheduler_loop_quarantine_config.cc:180] No entry found for renderer/io.
[14844:19296:0825/115902.617:VERBOSE1:base\allocator\scheduler_loop_quarantine_config.cc:180] No entry found for renderer/main.
[14844:19296:0825/115902.621:INFO:third_party\webrtc\rtc_base\cpu_info.cc:77] Available number of cores: 8
[10264:7484:0825/115902.848:VERBOSE1:chrome\browser\profiles\profile_manager.cc:1407] AddKeepAlive(Default, kExtensionUpdater). keep_alives=[kWaitingForFirstBrowserWindow (1), kOffTheRecordProfile (1), kExtensionUpdater (3)]
[10264:19996:0825/115903.414:VERBOSE1:base\allocator\scheduler_loop_quarantine_config.cc:180] No entry found for browser/io.
[10264:7484:0825/115903.414:VERBOSE1:components\enterprise\browser\reporting\saas_usage\saas_usage_report_scheduler.cc:108] Scheduling next browser SaaS usage report at 1601-01-01 04:00:00.000000 UTC
[10264:7484:0825/115903.414:VERBOSE1:components\enterprise\browser\reporting\saas_usage\saas_usage_report_scheduler.cc:74] No domain metrics aggregated - skipping browser report upload.
[10264:7484:0825/115903.414:VERBOSE1:components\enterprise\browser\reporting\saas_usage\saas_usage_report_scheduler.cc:108] Scheduling next browser SaaS usage report at 2026-08-25 18:59:03.415929 UTC
[10264:7484:0825/115903.417:VERBOSE1:chrome\browser\web_applications\locks\partitioned_lock_manager.cc:262] Acquiring <PartitionedLockId>{id: 0x31, partition: 0} for SynchronizeInstalledApps@chrome\browser\web_applications\externally_managed_app_manager.cc:186
[10264:7484:0825/115903.417:VERBOSE1:chrome\browser\web_applications\locks\partitioned_lock_manager.cc:243] All locks acquired for SynchronizeInstalledApps@chrome\browser\web_applications\externally_managed_app_manager.cc:186
[10264:7484:0825/115903.417:VERBOSE1:chrome\browser\web_applications\locks\partitioned_lock_manager.cc:286] Releasing <PartitionedLockId>{id: 0x31, partition: 0} requested by SynchronizeInstalledApps@chrome\browser\web_applications\externally_managed_app_manager.cc:186
[10264:10836:0825/115903.423:VERBOSE1:chrome\installer\util\install_util.cc:218] Existing Chrome version found: 151.0.7922.174
[10264:10836:0825/115903.459:VERBOSE1:chrome\installer\util\install_util.cc:242] No existing Chrome install found.
[10264:7484:0825/115903.463:VERBOSE1:components\device_event_log\device_event_log_impl.cc:203] [11:59:03.463] USB: DEBUG: usb_device_handle_win.cc:1096 Failed to read descriptor from node connection: Um dispositivo conectado ao sistema não está funcionando. (0x1F)
[10264:7484:0825/115903.466:VERBOSE1:components\device_event_log\device_event_log_impl.cc:203] [11:59:03.467] USB: USER: usb_service_win.cc:765 USB device added: path=\\?\usb#vid_13d3&pid_3556#00e04c000001#{a5dcbf10-6530-11d2-901f-00c04fb951ed} vendor=5075 "", product=13654 "", serial="00e04c000001", driver="BTHUSB", guid=ed8d4f97-51b1-483e-a490-a990d3eec098
[10264:7484:0825/115903.474:VERBOSE1:components\device_event_log\device_event_log_impl.cc:203] [11:59:03.475] USB: USER: usb_service_win.cc:765 USB device added: path=\\?\usb#vid_3151&pid_3020#b120300001#{a5dcbf10-6530-11d2-901f-00c04fb951ed} vendor=12625 "YICHIP", product=12320 "Wireless Device", serial="b120300001", driver="usbccgp", guid=793cef91-2950-4417-a2d8-464013610b26
[10264:7484:0825/115903.474:VERBOSE1:components\device_event_log\device_event_log_impl.cc:203] [11:59:03.475] USB: DEBUG: usb_device_handle_win.cc:1096 Failed to read descriptor from node connection: Um dispositivo conectado ao sistema não está funcionando. (0x1F)
[10264:7484:0825/115903.474:VERBOSE1:components\device_event_log\device_event_log_impl.cc:203] [11:59:03.475] USB: USER: usb_service_win.cc:765 USB device added: path=\\?\usb#vid_3277&pid_0091#0x0001#{a5dcbf10-6530-11d2-901f-00c04fb951ed} vendor=12919 "", product=145 "", serial="0x0001", driver="usbccgp", guid=71388f6b-22aa-4a2a-9cde-c9ef4e5bd992
[10264:10836:0825/115903.705:VERBOSE1:components\component_updater\component_installer.cc:477] StartRegistration for Related Website Sets
[10264:7484:0825/115903.757:VERBOSE1:components\component_updater\component_installer.cc:548] FinishRegistration for Related Website Sets
[10264:7484:0825/115903.757:VERBOSE1:chrome\browser\component_updater\first_party_sets_component_installer.cc:45] Received Related Website Sets
[16436:20052:0825/115903.855:VERBOSE1:base\allocator\scheduler_loop_quarantine_config.cc:180] No entry found for utility.chr..ssorMetrics/global.
[16436:20052:0825/115903.855:VERBOSE1:base\allocator\scheduler_loop_quarantine_config.cc:180] No entry found for utility.chrom..cessorMetrics/*.
[16436:20052:0825/115903.855:VERBOSE1:base\allocator\scheduler_loop_quarantine_config.cc:180] No entry found for utility.chro..essorMetrics/amsc.
[16436:20052:0825/115903.855:VERBOSE1:base\allocator\scheduler_loop_quarantine_config.cc:180] No entry found for utility/main.
[16436:20052:0825/115903.855:VERBOSE1:base\allocator\scheduler_loop_quarantine_config.cc:180] No entry found for utility/io.
[16436:20052:0825/115903.855:VERBOSE1:base\allocator\scheduler_loop_quarantine_config.cc:180] No entry found for utility.chro..essorMetrics/main.
[10264:7484:0825/115903.940:VERBOSE1:chrome\browser\web_applications\locks\partitioned_lock_manager.cc:262] Acquiring <PartitionedLockId>{id: 0x31, partition: 0} for SynchronizeInstalledApps@chrome\browser\web_applications\externally_managed_app_manager.cc:186
[10264:7484:0825/115903.940:VERBOSE1:chrome\browser\web_applications\locks\partitioned_lock_manager.cc:243] All locks acquired for SynchronizeInstalledApps@chrome\browser\web_applications\externally_managed_app_manager.cc:186
[10264:7484:0825/115903.940:VERBOSE1:chrome\browser\web_applications\locks\partitioned_lock_manager.cc:286] Releasing <PartitionedLockId>{id: 0x31, partition: 0} requested by SynchronizeInstalledApps@chrome\browser\web_applications\externally_managed_app_manager.cc:186
[10264:7484:0825/115903.940:VERBOSE1:chrome\browser\web_applications\locks\partitioned_lock_manager.cc:262] Acquiring <PartitionedLockId>{id: 0x31, partition: 0} for MaybeStartNext@chrome\browser\web_applications\externally_managed_app_manager.cc:271
[10264:7484:0825/115903.940:VERBOSE1:chrome\browser\web_applications\locks\partitioned_lock_manager.cc:243] All locks acquired for MaybeStartNext@chrome\browser\web_applications\externally_managed_app_manager.cc:271
[10264:19996:0825/115903.942:VERBOSE1:net\dns\mdns_client_impl.cc:204] Sockets ready:2
[10264:7484:0825/115903.943:VERBOSE1:chrome\browser\web_applications\locks\partitioned_lock_manager.cc:262] Acquiring <PartitionedLockId>{id: 0x30, partition: 0} for StartInstallationTask@chrome\browser\web_applications\externally_managed_app_manager.cc:411
[10264:7484:0825/115903.944:VERBOSE1:chrome\browser\web_applications\locks\partitioned_lock_manager.cc:243] All locks acquired for StartInstallationTask@chrome\browser\web_applications\externally_managed_app_manager.cc:411
[10264:7484:0825/115903.945:VERBOSE1:chrome\browser\web_applications\locks\partitioned_lock_manager.cc:286] Releasing <PartitionedLockId>{id: 0x31, partition: 0} requested by MaybeStartNext@chrome\browser\web_applications\externally_managed_app_manager.cc:271
[4696:12712:0825/115904.059:VERBOSE1:base\allocator\scheduler_loop_quarantine_config.cc:180] No entry found for renderer/global.
[4696:12712:0825/115904.059:VERBOSE1:base\allocator\scheduler_loop_quarantine_config.cc:180] No entry found for renderer/*.
[4696:12712:0825/115904.059:VERBOSE1:base\allocator\scheduler_loop_quarantine_config.cc:180] No entry found for renderer/amsc.
[4696:12712:0825/115904.059:VERBOSE1:base\allocator\scheduler_loop_quarantine_config.cc:180] No entry found for renderer/main.
[4696:12712:0825/115904.059:VERBOSE1:base\allocator\scheduler_loop_quarantine_config.cc:180] No entry found for renderer/io.
[4696:12712:0825/115904.059:VERBOSE1:base\allocator\scheduler_loop_quarantine_config.cc:180] No entry found for renderer/main.
[4696:12712:0825/115904.102:INFO:third_party\webrtc\rtc_base\cpu_info.cc:77] Available number of cores: 8
[21896:19752:0825/115904.115:VERBOSE1:base\allocator\scheduler_loop_quarantine_config.cc:180] No entry found for utility.unz..om.Unzipper/global.
[21896:19752:0825/115904.115:VERBOSE1:base\allocator\scheduler_loop_quarantine_config.cc:180] No entry found for utility.unzip.mojom.Unzipper/*.
[21896:19752:0825/115904.115:VERBOSE1:base\allocator\scheduler_loop_quarantine_config.cc:180] No entry found for utility.unzi..jom.Unzipper/amsc.
[21896:19752:0825/115904.115:VERBOSE1:base\allocator\scheduler_loop_quarantine_config.cc:180] No entry found for utility/main.
[21896:19752:0825/115904.115:VERBOSE1:base\allocator\scheduler_loop_quarantine_config.cc:180] No entry found for utility/io.
[21896:19752:0825/115904.115:VERBOSE1:base\allocator\scheduler_loop_quarantine_config.cc:180] No entry found for utility.unzi..jom.Unzipper/main.
[4696:12712:0825/115904.167:VERBOSE1:extensions\renderer\script_context.cc:150] Created context:
  extension id:           (none)
  frame:                  0x63402030ef8
  URL:                    
  context_type:           WEB_PAGE
  effective extension id: (none)
  effective context type: WEB_PAGE
[4696:12712:0825/115904.167:VERBOSE1:extensions\renderer\script_context.cc:150] Created context:
  extension id:           (none)
  frame:                  (nil)
  URL:                    
  context_type:           UNSPECIFIED
  effective extension id: (none)
  effective context type: UNSPECIFIED
[4696:12712:0825/115904.167:VERBOSE1:extensions\renderer\dispatcher.cc:494] Num tracked contexts: 1
[10264:7484:0825/115904.174:VERBOSE1:chrome\browser\web_applications\locks\partitioned_lock_manager.cc:262] Acquiring <PartitionedLockId>{id: 0x31, partition: 0} for InstallFromInfo@chrome\browser\web_applications\commands\external_app_resolution_command.cc:800
[10264:7484:0825/115904.174:VERBOSE1:chrome\browser\web_applications\locks\partitioned_lock_manager.cc:262] Acquiring <PartitionedLockId>{id: 0x666d676a6a6d6d6d6c666e6b6270706e636162666b6464626a696d63666e636d, partition: 1} for InstallFromInfo@chrome\browser\web_applications\commands\external_app_resolution_command.cc:800
[10264:7484:0825/115904.174:VERBOSE1:chrome\browser\web_applications\locks\partitioned_lock_manager.cc:243] All locks acquired for InstallFromInfo@chrome\browser\web_applications\commands\external_app_resolution_command.cc:800
[21896:7936:0825/115904.187:VERBOSE1:third_party\zlib\google\zip.cc:183] Skipped ZIP entry 'offscreendocument_main.js'
[21896:7936:0825/115904.187:VERBOSE1:third_party\zlib\google\zip.cc:183] Skipped ZIP entry 'dasherSettingSchema.json'
[21896:7936:0825/115904.188:VERBOSE1:third_party\zlib\google\zip.cc:183] Skipped ZIP entry '_locales/eu/messages.json'
[21896:7936:0825/115904.188:VERBOSE1:third_party\zlib\google\zip.cc:183] Skipped ZIP entry '_locales/sq/messages.json'
[21896:7936:0825/115904.188:VERBOSE1:third_party\zlib\google\zip.cc:183] Skipped ZIP entry '_locales/is/messages.json'
[21896:7936:0825/115904.190:VERBOSE1:third_party\zlib\google\zip.cc:183] Skipped ZIP entry '_locales/ja/messages.json'
[21896:7936:0825/115904.190:VERBOSE1:third_party\zlib\google\zip.cc:183] Skipped ZIP entry '_locales/or/messages.json'
[21896:7936:0825/115904.193:VERBOSE1:third_party\zlib\google\zip.cc:183] Skipped ZIP entry '_locales/cy/messages.json'
[21896:7936:0825/115904.193:VERBOSE1:third_party\zlib\google\zip.cc:183] Skipped ZIP entry '_locales/ml/messages.json'
[21896:7936:0825/115904.193:VERBOSE1:third_party\zlib\google\zip.cc:183] Skipped ZIP entry '_locales/zh_CN/messages.json'
[21896:7936:0825/115904.195:VERBOSE1:third_party\zlib\google\zip.cc:183] Skipped ZIP entry '_locales/id/messages.json'
[21896:7936:0825/115904.195:VERBOSE1:third_party\zlib\google\zip.cc:183] Skipped ZIP entry '_locales/ka/messages.json'
[21896:7936:0825/115904.195:VERBOSE1:third_party\zlib\google\zip.cc:183] Skipped ZIP entry '_locales/iw/messages.json'
[21896:7936:0825/115904.197:VERBOSE1:third_party\zlib\google\zip.cc:183] Skipped ZIP entry '_locales/ca/messages.json'
[21896:7936:0825/115904.197:VERBOSE1:third_party\zlib\google\zip.cc:183] Skipped ZIP entry '_locales/kk/messages.json'
[21896:7936:0825/115904.197:VERBOSE1:third_party\zlib\google\zip.cc:183] Skipped ZIP entry '_locales/en_GB/messages.json'
[21896:7936:0825/115904.199:VERBOSE1:third_party\zlib\google\zip.cc:183] Skipped ZIP entry '_locales/pt_BR/messages.json'
[21896:7936:0825/115904.199:VERBOSE1:third_party\zlib\google\zip.cc:183] Skipped ZIP entry '_locales/es_419/messages.json'
[21896:7936:0825/115904.201:VERBOSE1:third_party\zlib\google\zip.cc:183] Skipped ZIP entry '_locales/ro/messages.json'
[21896:7936:0825/115904.201:VERBOSE1:third_party\zlib\google\zip.cc:183] Skipped ZIP entry '_locales/mk/messages.json'
[21896:7936:0825/115904.201:VERBOSE1:third_party\zlib\google\zip.cc:183] Skipped ZIP entry '_locales/hi/messages.json'
[21896:7936:0825/115904.203:VERBOSE1:third_party\zlib\google\zip.cc:183] Skipped ZIP entry '_locales/sr/messages.json'
[21896:7936:0825/115904.203:VERBOSE1:third_party\zlib\google\zip.cc:183] Skipped ZIP entry '_locales/fr/messages.json'
[21896:7936:0825/115904.205:VERBOSE1:third_party\zlib\google\zip.cc:183] Skipped ZIP entry '_locales/af/messages.json'
[21896:7936:0825/115904.205:VERBOSE1:third_party\zlib\google\zip.cc:183] Skipped ZIP entry '_locales/km/messages.json'
[21896:7936:0825/115904.205:VERBOSE1:third_party\zlib\google\zip.cc:183] Skipped ZIP entry '_locales/bg/messages.json'
[21896:7936:0825/115904.206:VERBOSE1:third_party\zlib\google\zip.cc:183] Skipped ZIP entry '_locales/el/messages.json'
[21896:7936:0825/115904.206:VERBOSE1:third_party\zlib\google\zip.cc:183] Skipped ZIP entry '_locales/ko/messages.json'
[21896:7936:0825/115904.208:VERBOSE1:third_party\zlib\google\zip.cc:183] Skipped ZIP entry '_locales/am/messages.json'
[21896:7936:0825/115904.209:VERBOSE1:third_party\zlib\google\zip.cc:183] Skipped ZIP entry '_locales/hr/messages.json'
[21896:7936:0825/115904.209:VERBOSE1:third_party\zlib\google\zip.cc:183] Skipped ZIP entry '_locales/bn/messages.json'
[21896:7936:0825/115904.211:VERBOSE1:third_party\zlib\google\zip.cc:183] Skipped ZIP entry '_locales/lt/messages.json'
[21896:7936:0825/115904.211:VERBOSE1:third_party\zlib\google\zip.cc:183] Skipped ZIP entry '_locales/az/messages.json'
[21896:7936:0825/115904.213:VERBOSE1:third_party\zlib\google\zip.cc:183] Skipped ZIP entry '_locales/ru/messages.json'
[21896:7936:0825/115904.213:VERBOSE1:third_party\zlib\google\zip.cc:183] Skipped ZIP entry '_locales/gu/messages.json'
[21896:7936:0825/115904.213:VERBOSE1:third_party\zlib\google\zip.cc:183] Skipped ZIP entry '_locales/ta/messages.json'
[21896:7936:0825/115904.215:VERBOSE1:third_party\zlib\google\zip.cc:183] Skipped ZIP entry '_locales/uk/messages.json'
[21896:7936:0825/115904.215:VERBOSE1:third_party\zlib\google\zip.cc:183] Skipped ZIP entry '_locales/kn/messages.json'
[21896:7936:0825/115904.217:VERBOSE1:third_party\zlib\google\zip.cc:183] Skipped ZIP entry '_locales/ne/messages.json'
[21896:7936:0825/115904.218:VERBOSE1:third_party\zlib\google\zip.cc:183] Skipped ZIP entry '_locales/pa/messages.json'
[21896:7936:0825/115904.219:VERBOSE1:third_party\zlib\google\zip.cc:183] Skipped ZIP entry '_locales/vi/messages.json'
[21896:7936:0825/115904.220:VERBOSE1:third_party\zlib\google\zip.cc:183] Skipped ZIP entry '_locales/pl/messages.json'
[21896:7936:0825/115904.220:VERBOSE1:third_party\zlib\google\zip.cc:183] Skipped ZIP entry '_locales/it/messages.json'
[21896:7936:0825/115904.220:VERBOSE1:third_party\zlib\google\zip.cc:183] Skipped ZIP entry '_locales/fil/messages.json'
[21896:7936:0825/115904.220:VERBOSE1:third_party\zlib\google\zip.cc:183] Skipped ZIP entry '_locales/et/messages.json'
[21896:7936:0825/115904.220:VERBOSE1:third_party\zlib\google\zip.cc:183] Skipped ZIP entry '_locales/hu/messages.json'
[21896:7936:0825/115904.222:VERBOSE1:third_party\zlib\google\zip.cc:183] Skipped ZIP entry '_locales/be/messages.json'
[21896:7936:0825/115904.222:VERBOSE1:third_party\zlib\google\zip.cc:183] Skipped ZIP entry '_locales/tr/messages.json'
[21896:7936:0825/115904.224:VERBOSE1:third_party\zlib\google\zip.cc:183] Skipped ZIP entry '_locales/te/messages.json'
[21896:7936:0825/115904.225:VERBOSE1:third_party\zlib\google\zip.cc:183] Skipped ZIP entry '_locales/ar/messages.json'
[21896:7936:0825/115904.226:VERBOSE1:third_party\zlib\google\zip.cc:183] Skipped ZIP entry '_locales/en/messages.json'
[21896:7936:0825/115904.226:VERBOSE1:third_party\zlib\google\zip.cc:183] Skipped ZIP entry '_locales/mr/messages.json'
[23796:21004:0825/115904.226:VERBOSE1:base\allocator\scheduler_loop_quarantine_config.cc:180] No entry found for utility.unz..om.Unzipper/global.
[23796:21004:0825/115904.226:VERBOSE1:base\allocator\scheduler_loop_quarantine_config.cc:180] No entry found for utility.unzip.mojom.Unzipper/*.
[23796:21004:0825/115904.226:VERBOSE1:base\allocator\scheduler_loop_quarantine_config.cc:180] No entry found for utility.unzi..jom.Unzipper/amsc.
[23796:21004:0825/115904.226:VERBOSE1:base\allocator\scheduler_loop_quarantine_config.cc:180] No entry found for utility/main.
[23796:21004:0825/115904.228:VERBOSE1:base\allocator\scheduler_loop_quarantine_config.cc:180] No entry found for utility/io.
[21896:7936:0825/115904.228:VERBOSE1:third_party\zlib\google\zip.cc:183] Skipped ZIP entry '_locales/mn/messages.json'
[23796:21004:0825/115904.228:VERBOSE1:base\allocator\scheduler_loop_quarantine_config.cc:180] No entry found for utility.unzi..jom.Unzipper/main.
[21896:7936:0825/115904.229:VERBOSE1:third_party\zlib\google\zip.cc:183] Skipped ZIP entry '_locales/gl/messages.json'
[21896:7936:0825/115904.229:VERBOSE1:third_party\zlib\google\zip.cc:183] Skipped ZIP entry '_locales/uz/messages.json'
[21896:7936:0825/115904.231:VERBOSE1:third_party\zlib\google\zip.cc:183] Skipped ZIP entry '_locales/da/messages.json'
[21896:7936:0825/115904.233:VERBOSE1:third_party\zlib\google\zip.cc:183] Skipped ZIP entry '_locales/sl/messages.json'
[21896:7936:0825/115904.233:VERBOSE1:third_party\zlib\google\zip.cc:183] Skipped ZIP entry '_locales/sw/messages.json'
[21896:7936:0825/115904.235:VERBOSE1:third_party\zlib\google\zip.cc:183] Skipped ZIP entry '_locales/en_US/messages.json'
[21896:7936:0825/115904.235:VERBOSE1:third_party\zlib\google\zip.cc:183] Skipped ZIP entry '_locales/th/messages.json'
[21896:7936:0825/115904.235:VERBOSE1:third_party\zlib\google\zip.cc:183] Skipped ZIP entry '_locales/fi/messages.json'
[21896:7936:0825/115904.237:VERBOSE1:third_party\zlib\google\zip.cc:183] Skipped ZIP entry '_locales/ur/messages.json'
[21896:7936:0825/115904.237:VERBOSE1:third_party\zlib\google\zip.cc:183] Skipped ZIP entry '_locales/hy/messages.json'
[21896:7936:0825/115904.239:VERBOSE1:third_party\zlib\google\zip.cc:183] Skipped ZIP entry '_locales/fa/messages.json'
[21896:7936:0825/115904.239:VERBOSE1:third_party\zlib\google\zip.cc:183] Skipped ZIP entry '_locales/nl/messages.json'
[21896:7936:0825/115904.239:VERBOSE1:third_party\zlib\google\zip.cc:183] Skipped ZIP entry '_locales/sk/messages.json'
[21896:7936:0825/115904.241:VERBOSE1:third_party\zlib\google\zip.cc:183] Skipped ZIP entry '_locales/as/messages.json'
[21896:7936:0825/115904.241:VERBOSE1:third_party\zlib\google\zip.cc:183] Skipped ZIP entry '_locales/my/messages.json'
[21896:7936:0825/115904.243:VERBOSE1:third_party\zlib\google\zip.cc:183] Skipped ZIP entry '_locales/sv/messages.json'
[21896:7936:0825/115904.243:VERBOSE1:third_party\zlib\google\zip.cc:183] Skipped ZIP entry '_locales/pt_PT/messages.json'
[21896:7936:0825/115904.245:VERBOSE1:third_party\zlib\google\zip.cc:183] Skipped ZIP entry '_locales/zh_HK/messages.json'
[21896:7936:0825/115904.245:VERBOSE1:third_party\zlib\google\zip.cc:183] Skipped ZIP entry '_locales/en_CA/messages.json'
[21896:7936:0825/115904.247:VERBOSE1:third_party\zlib\google\zip.cc:183] Skipped ZIP entry '_locales/es/messages.json'
[21896:7936:0825/115904.247:VERBOSE1:third_party\zlib\google\zip.cc:183] Skipped ZIP entry '_locales/zh_TW/messages.json'
[21896:7936:0825/115904.247:VERBOSE1:third_party\zlib\google\zip.cc:183] Skipped ZIP entry '_locales/cs/messages.json'
[21896:7936:0825/115904.249:VERBOSE1:third_party\zlib\google\zip.cc:183] Skipped ZIP entry '_locales/lo/messages.json'
[21896:7936:0825/115904.249:VERBOSE1:third_party\zlib\google\zip.cc:183] Skipped ZIP entry '_locales/si/messages.json'
[21896:7936:0825/115904.251:VERBOSE1:third_party\zlib\google\zip.cc:183] Skipped ZIP entry '_locales/fr_CA/messages.json'
[21896:7936:0825/115904.251:VERBOSE1:third_party\zlib\google\zip.cc:183] Skipped ZIP entry '_locales/de/messages.json'
[21896:7936:0825/115904.251:VERBOSE1:third_party\zlib\google\zip.cc:183] Skipped ZIP entry '_locales/lv/messages.json'
[21896:7936:0825/115904.253:VERBOSE1:third_party\zlib\google\zip.cc:183] Skipped ZIP entry '_locales/zu/messages.json'
[21896:7936:0825/115904.253:VERBOSE1:third_party\zlib\google\zip.cc:183] Skipped ZIP entry '_locales/no/messages.json'
[21896:7936:0825/115904.253:VERBOSE1:third_party\zlib\google\zip.cc:183] Skipped ZIP entry '_locales/ms/messages.json'
[21896:7936:0825/115904.255:VERBOSE1:third_party\zlib\google\zip.cc:183] Skipped ZIP entry '128.png'
[21896:7936:0825/115904.255:VERBOSE1:third_party\zlib\google\zip.cc:183] Skipped ZIP entry 'service_worker_bin_prod.js'
[23796:24360:0825/115904.259:VERBOSE1:third_party\zlib\google\zip.cc:183] Skipped ZIP entry '_locales/'
[21896:7936:0825/115904.259:VERBOSE1:third_party\zlib\google\zip.cc:183] Skipped ZIP entry 'page_embed_script.js'
[21896:7936:0825/115904.259:VERBOSE1:third_party\zlib\google\zip.cc:183] Skipped ZIP entry 'offscreendocument.html'
[23796:24360:0825/115904.259:VERBOSE1:third_party\zlib\google\zip.cc:183] Skipped ZIP entry '_locales/bg/'
[23796:24360:0825/115904.261:VERBOSE1:third_party\zlib\google\zip.cc:183] Skipped ZIP entry '_locales/bg/messages.json'
[23796:24360:0825/115904.261:VERBOSE1:third_party\zlib\google\zip.cc:183] Skipped ZIP entry '_locales/ca/'
[23796:24360:0825/115904.263:VERBOSE1:third_party\zlib\google\zip.cc:183] Skipped ZIP entry '_locales/ca/messages.json'
[23796:24360:0825/115904.263:VERBOSE1:third_party\zlib\google\zip.cc:183] Skipped ZIP entry '_locales/cs/'
[23796:24360:0825/115904.265:VERBOSE1:third_party\zlib\google\zip.cc:183] Skipped ZIP entry '_locales/cs/messages.json'
[23796:24360:0825/115904.265:VERBOSE1:third_party\zlib\google\zip.cc:183] Skipped ZIP entry '_locales/da/'
[23796:24360:0825/115904.267:VERBOSE1:third_party\zlib\google\zip.cc:183] Skipped ZIP entry '_locales/da/messages.json'
[23796:24360:0825/115904.267:VERBOSE1:third_party\zlib\google\zip.cc:183] Skipped ZIP entry '_locales/de/'
[23796:24360:0825/115904.267:VERBOSE1:third_party\zlib\google\zip.cc:183] Skipped ZIP entry '_locales/de/messages.json'
[23796:24360:0825/115904.269:VERBOSE1:third_party\zlib\google\zip.cc:183] Skipped ZIP entry '_locales/el/'
[23796:24360:0825/115904.271:VERBOSE1:third_party\zlib\google\zip.cc:183] Skipped ZIP entry '_locales/el/messages.json'
[23796:24360:0825/115904.272:VERBOSE1:third_party\zlib\google\zip.cc:183] Skipped ZIP entry '_locales/en/'
[23796:24360:0825/115904.272:VERBOSE1:third_party\zlib\google\zip.cc:183] Skipped ZIP entry '_locales/en/messages.json'
[23796:24360:0825/115904.272:VERBOSE1:third_party\zlib\google\zip.cc:183] Skipped ZIP entry '_locales/en_GB/'
[23796:24360:0825/115904.274:VERBOSE1:third_party\zlib\google\zip.cc:183] Skipped ZIP entry '_locales/en_GB/messages.json'
[23796:24360:0825/115904.274:VERBOSE1:third_party\zlib\google\zip.cc:183] Skipped ZIP entry '_locales/es/'
[23796:24360:0825/115904.277:VERBOSE1:third_party\zlib\google\zip.cc:183] Skipped ZIP entry '_locales/es/messages.json'
[23796:24360:0825/115904.277:VERBOSE1:third_party\zlib\google\zip.cc:183] Skipped ZIP entry '_locales/es_419/'
[23796:24360:0825/115904.277:VERBOSE1:third_party\zlib\google\zip.cc:183] Skipped ZIP entry '_locales/es_419/messages.json'
[23796:24360:0825/115904.279:VERBOSE1:third_party\zlib\google\zip.cc:183] Skipped ZIP entry '_locales/et/'
[23796:24360:0825/115904.279:VERBOSE1:third_party\zlib\google\zip.cc:183] Skipped ZIP entry '_locales/et/messages.json'
[23796:24360:0825/115904.281:VERBOSE1:third_party\zlib\google\zip.cc:183] Skipped ZIP entry '_locales/fi/'
[10264:7484:0825/115904.281:VERBOSE1:chrome\browser\profiles\profile_manager.cc:1407] AddKeepAlive(Default, kWebAppUpdate). keep_alives=[kWaitingForFirstBrowserWindow (1), kOffTheRecordProfile (1), kExtensionUpdater (3), kWebAppUpdate (1)]
[23796:24360:0825/115904.281:VERBOSE1:third_party\zlib\google\zip.cc:183] Skipped ZIP entry '_locales/fi/messages.json'
[10264:7484:0825/115904.281:VERBOSE1:chrome\browser\web_applications\locks\partitioned_lock_manager.cc:286] Releasing <PartitionedLockId>{id: 0x666d676a6a6d6d6d6c666e6b6270706e636162666b6464626a696d63666e636d, partition: 1} requested by InstallFromInfo@chrome\browser\web_applications\commands\external_app_resolution_command.cc:800
[10264:7484:0825/115904.281:VERBOSE1:chrome\browser\web_applications\locks\partitioned_lock_manager.cc:286] Releasing <PartitionedLockId>{id: 0x31, partition: 0} requested by InstallFromInfo@chrome\browser\web_applications\commands\external_app_resolution_command.cc:800
[10264:7484:0825/115904.281:VERBOSE1:chrome\browser\web_applications\locks\partitioned_lock_manager.cc:318] Acquiring <PartitionedLockId>{id: 0x31, partition: 0} for AdjustAppStateBeforeCommit@chrome\browser\web_applications\jobs\finalize_install_job.cc:706
[10264:7484:0825/115904.281:VERBOSE1:chrome\browser\web_applications\locks\partitioned_lock_manager.cc:243] All locks acquired for AdjustAppStateBeforeCommit@chrome\browser\web_applications\jobs\finalize_install_job.cc:706
[10264:7484:0825/115904.281:VERBOSE1:chrome\browser\web_applications\locks\partitioned_lock_manager.cc:286] Releasing <PartitionedLockId>{id: 0x30, partition: 0} requested by StartInstallationTask@chrome\browser\web_applications\externally_managed_app_manager.cc:411
[23796:24360:0825/115904.281:VERBOSE1:third_party\zlib\google\zip.cc:183] Skipped ZIP entry '_locales/fil/'
[10264:7484:0825/115904.283:VERBOSE1:chrome\browser\profiles\profile_manager.cc:1468] RemoveKeepAlive(Default, kWebAppUpdate). keep_alives=[kWaitingForFirstBrowserWindow (1), kOffTheRecordProfile (1), kExtensionUpdater (3)]
[10264:7484:0825/115904.283:VERBOSE1:chrome\browser\web_applications\locks\partitioned_lock_manager.cc:286] Releasing <PartitionedLockId>{id: 0x31, partition: 0} requested by AdjustAppStateBeforeCommit@chrome\browser\web_applications\jobs\finalize_install_job.cc:706
[23796:24360:0825/115904.283:VERBOSE1:third_party\zlib\google\zip.cc:183] Skipped ZIP entry '_locales/fil/messages.json'
[23796:24360:0825/115904.286:VERBOSE1:third_party\zlib\google\zip.cc:183] Skipped ZIP entry '_locales/fr/'
[23796:24360:0825/115904.287:VERBOSE1:third_party\zlib\google\zip.cc:183] Skipped ZIP entry '_locales/fr/messages.json'
[23796:24360:0825/115904.287:VERBOSE1:third_party\zlib\google\zip.cc:183] Skipped ZIP entry '_locales/hi/'
[23796:24360:0825/115904.287:VERBOSE1:third_party\zlib\google\zip.cc:183] Skipped ZIP entry '_locales/hi/messages.json'
[10264:7484:0825/115904.287:VERBOSE1:chrome\browser\web_applications\locks\partitioned_lock_manager.cc:262] Acquiring <PartitionedLockId>{id: 0x31, partition: 0} for MaybeStartNext@chrome\browser\web_applications\externally_managed_app_manager.cc:271
[10264:7484:0825/115904.287:VERBOSE1:chrome\browser\web_applications\locks\partitioned_lock_manager.cc:243] All locks acquired for MaybeStartNext@chrome\browser\web_applications\externally_managed_app_manager.cc:271
[23796:24360:0825/115904.289:VERBOSE1:third_party\zlib\google\zip.cc:183] Skipped ZIP entry '_locales/hr/'
[23796:24360:0825/115904.289:VERBOSE1:third_party\zlib\google\zip.cc:183] Skipped ZIP entry '_locales/hr/messages.json'
[23796:24360:0825/115904.289:VERBOSE1:third_party\zlib\google\zip.cc:183] Skipped ZIP entry '_locales/hu/'
[10264:7484:0825/115904.289:VERBOSE1:chrome\browser\web_applications\locks\partitioned_lock_manager.cc:262] Acquiring <PartitionedLockId>{id: 0x30, partition: 0} for StartInstallationTask@chrome\browser\web_applications\externally_managed_app_manager.cc:411
[10264:7484:0825/115904.289:VERBOSE1:chrome\browser\web_applications\locks\partitioned_lock_manager.cc:243] All locks acquired for StartInstallationTask@chrome\browser\web_applications\externally_managed_app_manager.cc:411
[10264:7484:0825/115904.289:VERBOSE1:chrome\browser\web_applications\locks\partitioned_lock_manager.cc:286] Releasing <PartitionedLockId>{id: 0x31, partition: 0} requested by MaybeStartNext@chrome\browser\web_applications\externally_managed_app_manager.cc:271
[23796:24360:0825/115904.289:VERBOSE1:third_party\zlib\google\zip.cc:183] Skipped ZIP entry '_locales/hu/messages.json'
[23796:24360:0825/115904.291:VERBOSE1:third_party\zlib\google\zip.cc:183] Skipped ZIP entry '_locales/id/'
[23796:24360:0825/115904.291:VERBOSE1:third_party\zlib\google\zip.cc:183] Skipped ZIP entry '_locales/id/messages.json'
[23796:24360:0825/115904.291:VERBOSE1:third_party\zlib\google\zip.cc:183] Skipped ZIP entry '_locales/it/'
[23796:24360:0825/115904.293:VERBOSE1:third_party\zlib\google\zip.cc:183] Skipped ZIP entry '_locales/it/messages.json'
[23796:24360:0825/115904.293:VERBOSE1:third_party\zlib\google\zip.cc:183] Skipped ZIP entry '_locales/ja/'
[23796:24360:0825/115904.295:VERBOSE1:third_party\zlib\google\zip.cc:183] Skipped ZIP entry '_locales/ja/messages.json'
[23796:24360:0825/115904.297:VERBOSE1:third_party\zlib\google\zip.cc:183] Skipped ZIP entry '_locales/ko/'
[23796:24360:0825/115904.297:VERBOSE1:third_party\zlib\google\zip.cc:183] Skipped ZIP entry '_locales/ko/messages.json'
[23796:24360:0825/115904.301:VERBOSE1:third_party\zlib\google\zip.cc:183] Skipped ZIP entry '_locales/lt/'
[23796:24360:0825/115904.303:VERBOSE1:third_party\zlib\google\zip.cc:183] Skipped ZIP entry '_locales/lt/messages.json'
[23796:24360:0825/115904.303:VERBOSE1:third_party\zlib\google\zip.cc:183] Skipped ZIP entry '_locales/lv/'
[23796:24360:0825/115904.303:VERBOSE1:third_party\zlib\google\zip.cc:183] Skipped ZIP entry '_locales/lv/messages.json'
[23796:24360:0825/115904.305:VERBOSE1:third_party\zlib\google\zip.cc:183] Skipped ZIP entry '_locales/nb/'
[23796:24360:0825/115904.305:VERBOSE1:third_party\zlib\google\zip.cc:183] Skipped ZIP entry '_locales/nb/messages.json'
[23796:24360:0825/115904.305:VERBOSE1:third_party\zlib\google\zip.cc:183] Skipped ZIP entry '_locales/nl/'
[23796:24360:0825/115904.307:VERBOSE1:third_party\zlib\google\zip.cc:183] Skipped ZIP entry '_locales/nl/messages.json'
[23796:24360:0825/115904.307:VERBOSE1:third_party\zlib\google\zip.cc:183] Skipped ZIP entry '_locales/pl/'
[23796:24360:0825/115904.309:VERBOSE1:third_party\zlib\google\zip.cc:183] Skipped ZIP entry '_locales/pl/messages.json'
[23796:24360:0825/115904.309:VERBOSE1:third_party\zlib\google\zip.cc:183] Skipped ZIP entry '_locales/pt_BR/'
[23796:24360:0825/115904.309:VERBOSE1:third_party\zlib\google\zip.cc:183] Skipped ZIP entry '_locales/pt_BR/messages.json'
[23796:24360:0825/115904.311:VERBOSE1:third_party\zlib\google\zip.cc:183] Skipped ZIP entry '_locales/pt_PT/'
[23796:24360:0825/115904.311:VERBOSE1:third_party\zlib\google\zip.cc:183] Skipped ZIP entry '_locales/pt_PT/messages.json'
[23796:24360:0825/115904.313:VERBOSE1:third_party\zlib\google\zip.cc:183] Skipped ZIP entry '_locales/ro/'
[23796:24360:0825/115904.315:VERBOSE1:third_party\zlib\google\zip.cc:183] Skipped ZIP entry '_locales/ro/messages.json'
[23796:24360:0825/115904.315:VERBOSE1:third_party\zlib\google\zip.cc:183] Skipped ZIP entry '_locales/ru/'
[23796:24360:0825/115904.317:VERBOSE1:third_party\zlib\google\zip.cc:183] Skipped ZIP entry '_locales/ru/messages.json'
[23796:24360:0825/115904.317:VERBOSE1:third_party\zlib\google\zip.cc:183] Skipped ZIP entry '_locales/sk/'
[23796:24360:0825/115904.319:VERBOSE1:third_party\zlib\google\zip.cc:183] Skipped ZIP entry '_locales/sk/messages.json'
[23796:24360:0825/115904.319:VERBOSE1:third_party\zlib\google\zip.cc:183] Skipped ZIP entry '_locales/sl/'
[23796:24360:0825/115904.321:VERBOSE1:third_party\zlib\google\zip.cc:183] Skipped ZIP entry '_locales/sl/messages.json'
[23796:24360:0825/115904.321:VERBOSE1:third_party\zlib\google\zip.cc:183] Skipped ZIP entry '_locales/sr/'
[23796:24360:0825/115904.321:VERBOSE1:third_party\zlib\google\zip.cc:183] Skipped ZIP entry '_locales/sr/messages.json'
[23796:24360:0825/115904.323:VERBOSE1:third_party\zlib\google\zip.cc:183] Skipped ZIP entry '_locales/sv/'
[23796:24360:0825/115904.323:VERBOSE1:third_party\zlib\google\zip.cc:183] Skipped ZIP entry '_locales/sv/messages.json'
[23796:24360:0825/115904.323:VERBOSE1:third_party\zlib\google\zip.cc:183] Skipped ZIP entry '_locales/th/'
[23796:24360:0825/115904.325:VERBOSE1:third_party\zlib\google\zip.cc:183] Skipped ZIP entry '_locales/th/messages.json'
[23796:24360:0825/115904.325:VERBOSE1:third_party\zlib\google\zip.cc:183] Skipped ZIP entry '_locales/tr/'
[23796:24360:0825/115904.327:VERBOSE1:third_party\zlib\google\zip.cc:183] Skipped ZIP entry '_locales/tr/messages.json'
[23796:24360:0825/115904.327:VERBOSE1:third_party\zlib\google\zip.cc:183] Skipped ZIP entry '_locales/uk/'
[23796:24360:0825/115904.329:VERBOSE1:third_party\zlib\google\zip.cc:183] Skipped ZIP entry '_locales/uk/messages.json'
[23796:24360:0825/115904.331:VERBOSE1:third_party\zlib\google\zip.cc:183] Skipped ZIP entry '_locales/vi/'
[23796:24360:0825/115904.333:VERBOSE1:third_party\zlib\google\zip.cc:183] Skipped ZIP entry '_locales/vi/messages.json'
[23796:24360:0825/115904.333:VERBOSE1:third_party\zlib\google\zip.cc:183] Skipped ZIP entry '_locales/zh_CN/'
[23796:24360:0825/115904.335:VERBOSE1:third_party\zlib\google\zip.cc:183] Skipped ZIP entry '_locales/zh_CN/messages.json'
[23796:24360:0825/115904.335:VERBOSE1:third_party\zlib\google\zip.cc:183] Skipped ZIP entry '_locales/zh_TW/'
[23796:24360:0825/115904.335:VERBOSE1:third_party\zlib\google\zip.cc:183] Skipped ZIP entry '_locales/zh_TW/messages.json'
[23796:24360:0825/115904.337:VERBOSE1:third_party\zlib\google\zip.cc:183] Skipped ZIP entry 'craw_background.js'
[23796:24360:0825/115904.337:VERBOSE1:third_party\zlib\google\zip.cc:183] Skipped ZIP entry 'craw_window.js'
[23796:24360:0825/115904.339:VERBOSE1:third_party\zlib\google\zip.cc:183] Skipped ZIP entry 'css/'
[23796:24360:0825/115904.339:VERBOSE1:third_party\zlib\google\zip.cc:183] Skipped ZIP entry 'css/craw_window.css'
[23796:24360:0825/115904.339:VERBOSE1:third_party\zlib\google\zip.cc:183] Skipped ZIP entry 'html/'
[23796:24360:0825/115904.341:VERBOSE1:third_party\zlib\google\zip.cc:183] Skipped ZIP entry 'html/craw_window.html'
[23796:24360:0825/115904.341:VERBOSE1:third_party\zlib\google\zip.cc:183] Skipped ZIP entry 'images/'
[23796:24360:0825/115904.343:VERBOSE1:third_party\zlib\google\zip.cc:183] Skipped ZIP entry 'images/flapper.gif'
[23796:24360:0825/115904.343:VERBOSE1:third_party\zlib\google\zip.cc:183] Skipped ZIP entry 'images/icon_128.png'
[23796:24360:0825/115904.343:VERBOSE1:third_party\zlib\google\zip.cc:183] Skipped ZIP entry 'images/icon_16.png'
[23796:24360:0825/115904.345:VERBOSE1:third_party\zlib\google\zip.cc:183] Skipped ZIP entry 'images/topbar_floating_button.png'
[23796:24360:0825/115904.347:VERBOSE1:third_party\zlib\google\zip.cc:183] Skipped ZIP entry 'images/topbar_floating_button_close.png'
[23796:24360:0825/115904.347:VERBOSE1:third_party\zlib\google\zip.cc:183] Skipped ZIP entry 'images/topbar_floating_button_hover.png'
[23796:24360:0825/115904.349:VERBOSE1:third_party\zlib\google\zip.cc:183] Skipped ZIP entry 'images/topbar_floating_button_maximize.png'
[23796:24360:0825/115904.349:VERBOSE1:third_party\zlib\google\zip.cc:183] Skipped ZIP entry 'images/topbar_floating_button_pressed.png'
[23796:24360:0825/115904.354:VERBOSE1:third_party\zlib\google\zip.cc:183] Skipped ZIP entry '_metadata/'
[23796:24360:0825/115904.356:VERBOSE1:third_party\zlib\google\zip.cc:183] Skipped ZIP entry '_metadata/verified_contents.json'
[7344:17788:0825/115904.360:VERBOSE1:base\allocator\scheduler_loop_quarantine_config.cc:180] No entry found for renderer/global.
[7344:17788:0825/115904.360:VERBOSE1:base\allocator\scheduler_loop_quarantine_config.cc:180] No entry found for renderer/*.
[7344:17788:0825/115904.360:VERBOSE1:base\allocator\scheduler_loop_quarantine_config.cc:180] No entry found for renderer/amsc.
[7344:17788:0825/115904.360:VERBOSE1:base\allocator\scheduler_loop_quarantine_config.cc:180] No entry found for renderer/main.
[7344:17788:0825/115904.360:VERBOSE1:base\allocator\scheduler_loop_quarantine_config.cc:180] No entry found for renderer/io.
[7344:17788:0825/115904.362:VERBOSE1:base\allocator\scheduler_loop_quarantine_config.cc:180] No entry found for renderer/main.
[7344:17788:0825/115904.370:INFO:third_party\webrtc\rtc_base\cpu_info.cc:77] Available number of cores: 8
[7344:17788:0825/115904.441:VERBOSE1:extensions\renderer\script_context.cc:150] Created context:
  extension id:           (none)
  frame:                  0x368402030ef8
  URL:                    
  context_type:           WEB_PAGE
  effective extension id: (none)
  effective context type: WEB_PAGE
[7344:17788:0825/115904.441:VERBOSE1:extensions\renderer\script_context.cc:150] Created context:
  extension id:           (none)
  frame:                  (nil)
  URL:                    
  context_type:           UNSPECIFIED
  effective extension id: (none)
  effective context type: UNSPECIFIED
[7344:17788:0825/115904.443:VERBOSE1:extensions\renderer\dispatcher.cc:494] Num tracked contexts: 1
[10264:7484:0825/115904.449:VERBOSE1:chrome\browser\web_applications\locks\partitioned_lock_manager.cc:262] Acquiring <PartitionedLockId>{id: 0x31, partition: 0} for InstallFromInfo@chrome\browser\web_applications\commands\external_app_resolution_command.cc:800
[10264:7484:0825/115904.449:VERBOSE1:chrome\browser\web_applications\locks\partitioned_lock_manager.cc:262] Acquiring <PartitionedLockId>{id: 0x6d706e706f6a6b6e706d6d6f706f6d626e6a646367616169656b616a626e6a62, partition: 1} for InstallFromInfo@chrome\browser\web_applications\commands\external_app_resolution_command.cc:800
[10264:7484:0825/115904.449:VERBOSE1:chrome\browser\web_applications\locks\partitioned_lock_manager.cc:243] All locks acquired for InstallFromInfo@chrome\browser\web_applications\commands\external_app_resolution_command.cc:800
[10264:7484:0825/115904.559:VERBOSE1:chrome\browser\profiles\profile_manager.cc:1407] AddKeepAlive(Default, kWebAppUpdate). keep_alives=[kWaitingForFirstBrowserWindow (1), kOffTheRecordProfile (1), kExtensionUpdater (3), kWebAppUpdate (1)]
[10264:7484:0825/115904.559:VERBOSE1:chrome\browser\web_applications\locks\partitioned_lock_manager.cc:286] Releasing <PartitionedLockId>{id: 0x6d706e706f6a6b6e706d6d6f706f6d626e6a646367616169656b616a626e6a62, partition: 1} requested by InstallFromInfo@chrome\browser\web_applications\commands\external_app_resolution_command.cc:800
[10264:7484:0825/115904.559:VERBOSE1:chrome\browser\web_applications\locks\partitioned_lock_manager.cc:286] Releasing <PartitionedLockId>{id: 0x31, partition: 0} requested by InstallFromInfo@chrome\browser\web_applications\commands\external_app_resolution_command.cc:800
[10264:7484:0825/115904.559:VERBOSE1:chrome\browser\web_applications\locks\partitioned_lock_manager.cc:318] Acquiring <PartitionedLockId>{id: 0x31, partition: 0} for AdjustAppStateBeforeCommit@chrome\browser\web_applications\jobs\finalize_install_job.cc:706
[10264:7484:0825/115904.559:VERBOSE1:chrome\browser\web_applications\locks\partitioned_lock_manager.cc:243] All locks acquired for AdjustAppStateBeforeCommit@chrome\browser\web_applications\jobs\finalize_install_job.cc:706
[10264:7484:0825/115904.561:VERBOSE1:chrome\browser\web_applications\locks\partitioned_lock_manager.cc:286] Releasing <PartitionedLockId>{id: 0x30, partition: 0} requested by StartInstallationTask@chrome\browser\web_applications\externally_managed_app_manager.cc:411
[10264:7484:0825/115904.561:VERBOSE1:chrome\browser\profiles\profile_manager.cc:1468] RemoveKeepAlive(Default, kWebAppUpdate). keep_alives=[kWaitingForFirstBrowserWindow (1), kOffTheRecordProfile (1), kExtensionUpdater (3)]
[10264:7484:0825/115904.561:VERBOSE1:chrome\browser\web_applications\locks\partitioned_lock_manager.cc:286] Releasing <PartitionedLockId>{id: 0x31, partition: 0} requested by AdjustAppStateBeforeCommit@chrome\browser\web_applications\jobs\finalize_install_job.cc:706
[10264:7484:0825/115904.564:VERBOSE1:chrome\browser\web_applications\locks\partitioned_lock_manager.cc:262] Acquiring <PartitionedLockId>{id: 0x31, partition: 0} for MaybeStartNext@chrome\browser\web_applications\externally_managed_app_manager.cc:271
[10264:7484:0825/115904.564:VERBOSE1:chrome\browser\web_applications\locks\partitioned_lock_manager.cc:243] All locks acquired for MaybeStartNext@chrome\browser\web_applications\externally_managed_app_manager.cc:271
[10264:7484:0825/115904.567:VERBOSE1:chrome\browser\web_applications\locks\partitioned_lock_manager.cc:262] Acquiring <PartitionedLockId>{id: 0x30, partition: 0} for StartInstallationTask@chrome\browser\web_applications\externally_managed_app_manager.cc:411
[10264:7484:0825/115904.567:VERBOSE1:chrome\browser\web_applications\locks\partitioned_lock_manager.cc:243] All locks acquired for StartInstallationTask@chrome\browser\web_applications\externally_managed_app_manager.cc:411
[10264:7484:0825/115904.567:VERBOSE1:chrome\browser\web_applications\locks\partitioned_lock_manager.cc:286] Releasing <PartitionedLockId>{id: 0x31, partition: 0} requested by MaybeStartNext@chrome\browser\web_applications\externally_managed_app_manager.cc:271
[17564:7916:0825/115904.611:VERBOSE1:base\allocator\scheduler_loop_quarantine_config.cc:180] No entry found for renderer/global.
[17564:7916:0825/115904.611:VERBOSE1:base\allocator\scheduler_loop_quarantine_config.cc:180] No entry found for renderer/*.
[17564:7916:0825/115904.611:VERBOSE1:base\allocator\scheduler_loop_quarantine_config.cc:180] No entry found for renderer/amsc.
[17564:7916:0825/115904.611:VERBOSE1:base\allocator\scheduler_loop_quarantine_config.cc:180] No entry found for renderer/main.
[17564:7916:0825/115904.611:VERBOSE1:base\allocator\scheduler_loop_quarantine_config.cc:180] No entry found for renderer/io.
[17564:7916:0825/115904.611:VERBOSE1:base\allocator\scheduler_loop_quarantine_config.cc:180] No entry found for renderer/main.
[17564:7916:0825/115904.614:INFO:third_party\webrtc\rtc_base\cpu_info.cc:77] Available number of cores: 8
[24988:15048:0825/115904.641:VERBOSE1:base\allocator\scheduler_loop_quarantine_config.cc:180] No entry found for renderer/global.
[24988:15048:0825/115904.641:VERBOSE1:base\allocator\scheduler_loop_quarantine_config.cc:180] No entry found for renderer/*.
[24988:15048:0825/115904.641:VERBOSE1:base\allocator\scheduler_loop_quarantine_config.cc:180] No entry found for renderer/amsc.
[24988:15048:0825/115904.641:VERBOSE1:base\allocator\scheduler_loop_quarantine_config.cc:180] No entry found for renderer/main.
[24988:15048:0825/115904.641:VERBOSE1:base\allocator\scheduler_loop_quarantine_config.cc:180] No entry found for renderer/io.
[24988:15048:0825/115904.641:VERBOSE1:base\allocator\scheduler_loop_quarantine_config.cc:180] No entry found for renderer/main.
[24988:15048:0825/115904.641:INFO:third_party\webrtc\rtc_base\cpu_info.cc:77] Available number of cores: 8
[17564:7916:0825/115904.669:VERBOSE1:extensions\renderer\script_context.cc:150] Created context:
  extension id:           (none)
  frame:                  0x505402030ef8
  URL:                    
  context_type:           WEB_PAGE
  effective extension id: (none)
  effective context type: WEB_PAGE
[17564:7916:0825/115904.670:VERBOSE1:extensions\renderer\script_context.cc:150] Created context:
  extension id:           (none)
  frame:                  (nil)
  URL:                    
  context_type:           UNSPECIFIED
  effective extension id: (none)
  effective context type: UNSPECIFIED
[17564:7916:0825/115904.670:VERBOSE1:extensions\renderer\dispatcher.cc:494] Num tracked contexts: 1
[10264:7484:0825/115904.673:VERBOSE1:chrome\browser\web_applications\locks\partitioned_lock_manager.cc:262] Acquiring <PartitionedLockId>{id: 0x31, partition: 0} for InstallFromInfo@chrome\browser\web_applications\commands\external_app_resolution_command.cc:800
[10264:7484:0825/115904.678:VERBOSE1:chrome\browser\web_applications\locks\partitioned_lock_manager.cc:262] Acquiring <PartitionedLockId>{id: 0x61676862696168627061696a69676e6365696465706f6f6b6c6a65626866616b, partition: 1} for InstallFromInfo@chrome\browser\web_applications\commands\external_app_resolution_command.cc:800
[10264:7484:0825/115904.678:VERBOSE1:chrome\browser\web_applications\locks\partitioned_lock_manager.cc:243] All locks acquired for InstallFromInfo@chrome\browser\web_applications\commands\external_app_resolution_command.cc:800
[23968:7788:0825/115904.781:VERBOSE1:net\base\network_delegate.cc:38] NetworkDelegate::NotifyBeforeURLRequest: https://android.clients.google.com/checkin
[10264:7484:0825/115904.798:VERBOSE1:chrome\browser\profiles\profile_manager.cc:1407] AddKeepAlive(Default, kWebAppUpdate). keep_alives=[kWaitingForFirstBrowserWindow (1), kOffTheRecordProfile (1), kExtensionUpdater (3), kWebAppUpdate (1)]
[10264:7484:0825/115904.798:VERBOSE1:chrome\browser\web_applications\locks\partitioned_lock_manager.cc:286] Releasing <PartitionedLockId>{id: 0x61676862696168627061696a69676e6365696465706f6f6b6c6a65626866616b, partition: 1} requested by InstallFromInfo@chrome\browser\web_applications\commands\external_app_resolution_command.cc:800
[10264:7484:0825/115904.798:VERBOSE1:chrome\browser\web_applications\locks\partitioned_lock_manager.cc:286] Releasing <PartitionedLockId>{id: 0x31, partition: 0} requested by InstallFromInfo@chrome\browser\web_applications\commands\external_app_resolution_command.cc:800
[10264:7484:0825/115904.798:VERBOSE1:chrome\browser\web_applications\locks\partitioned_lock_manager.cc:318] Acquiring <PartitionedLockId>{id: 0x31, partition: 0} for AdjustAppStateBeforeCommit@chrome\browser\web_applications\jobs\finalize_install_job.cc:706
[10264:7484:0825/115904.798:VERBOSE1:chrome\browser\web_applications\locks\partitioned_lock_manager.cc:243] All locks acquired for AdjustAppStateBeforeCommit@chrome\browser\web_applications\jobs\finalize_install_job.cc:706
[10264:7484:0825/115904.798:VERBOSE1:chrome\browser\web_applications\locks\partitioned_lock_manager.cc:286] Releasing <PartitionedLockId>{id: 0x30, partition: 0} requested by StartInstallationTask@chrome\browser\web_applications\externally_managed_app_manager.cc:411
[10264:7484:0825/115904.799:VERBOSE1:chrome\browser\profiles\profile_manager.cc:1468] RemoveKeepAlive(Default, kWebAppUpdate). keep_alives=[kWaitingForFirstBrowserWindow (1), kOffTheRecordProfile (1), kExtensionUpdater (3)]
[10264:7484:0825/115904.799:VERBOSE1:chrome\browser\web_applications\locks\partitioned_lock_manager.cc:286] Releasing <PartitionedLockId>{id: 0x31, partition: 0} requested by AdjustAppStateBeforeCommit@chrome\browser\web_applications\jobs\finalize_install_job.cc:706
[10264:7484:0825/115904.802:VERBOSE1:chrome\browser\web_applications\locks\partitioned_lock_manager.cc:262] Acquiring <PartitionedLockId>{id: 0x31, partition: 0} for MaybeStartNext@chrome\browser\web_applications\externally_managed_app_manager.cc:271
[10264:7484:0825/115904.802:VERBOSE1:chrome\browser\web_applications\locks\partitioned_lock_manager.cc:243] All locks acquired for MaybeStartNext@chrome\browser\web_applications\externally_managed_app_manager.cc:271
[10264:7484:0825/115904.803:VERBOSE1:chrome\browser\web_applications\locks\partitioned_lock_manager.cc:262] Acquiring <PartitionedLockId>{id: 0x30, partition: 0} for StartInstallationTask@chrome\browser\web_applications\externally_managed_app_manager.cc:411
[10264:7484:0825/115904.803:VERBOSE1:chrome\browser\web_applications\locks\partitioned_lock_manager.cc:243] All locks acquired for StartInstallationTask@chrome\browser\web_applications\externally_managed_app_manager.cc:411
[10264:7484:0825/115904.803:VERBOSE1:chrome\browser\web_applications\locks\partitioned_lock_manager.cc:286] Releasing <PartitionedLockId>{id: 0x31, partition: 0} requested by MaybeStartNext@chrome\browser\web_applications\externally_managed_app_manager.cc:271
[24988:15048:0825/115904.830:VERBOSE1:extensions\renderer\script_context.cc:150] Created context:
  extension id:           (none)
  frame:                  0x522402030ef8
  URL:                    
  context_type:           WEB_PAGE
  effective extension id: (none)
  effective context type: WEB_PAGE
[24988:15048:0825/115904.831:VERBOSE1:extensions\renderer\script_context.cc:150] Created context:
  extension id:           (none)
  frame:                  (nil)
  URL:                    
  context_type:           UNSPECIFIED
  effective extension id: (none)
  effective context type: UNSPECIFIED
[24988:15048:0825/115904.831:VERBOSE1:extensions\renderer\dispatcher.cc:494] Num tracked contexts: 1
[10264:7484:0825/115904.838:VERBOSE1:chrome\browser\web_applications\locks\partitioned_lock_manager.cc:262] Acquiring <PartitionedLockId>{id: 0x31, partition: 0} for InstallFromInfo@chrome\browser\web_applications\commands\external_app_resolution_command.cc:800
[10264:7484:0825/115904.838:VERBOSE1:chrome\browser\web_applications\locks\partitioned_lock_manager.cc:262] Acquiring <PartitionedLockId>{id: 0x6668696870696f6a6b626d6270646a656f616a61706d676b686c6e616b666a66, partition: 1} for InstallFromInfo@chrome\browser\web_applications\commands\external_app_resolution_command.cc:800
[10264:7484:0825/115904.838:VERBOSE1:chrome\browser\web_applications\locks\partitioned_lock_manager.cc:243] All locks acquired for InstallFromInfo@chrome\browser\web_applications\commands\external_app_resolution_command.cc:800
[1996:1612:0825/115904.869:VERBOSE1:base\allocator\scheduler_loop_quarantine_config.cc:180] No entry found for renderer/global.
[1996:1612:0825/115904.869:VERBOSE1:base\allocator\scheduler_loop_quarantine_config.cc:180] No entry found for renderer/*.
[1996:1612:0825/115904.869:VERBOSE1:base\allocator\scheduler_loop_quarantine_config.cc:180] No entry found for renderer/amsc.
[1996:1612:0825/115904.869:VERBOSE1:base\allocator\scheduler_loop_quarantine_config.cc:180] No entry found for renderer/main.
[1996:1612:0825/115904.869:VERBOSE1:base\allocator\scheduler_loop_quarantine_config.cc:180] No entry found for renderer/io.
[1996:1612:0825/115904.870:VERBOSE1:base\allocator\scheduler_loop_quarantine_config.cc:180] No entry found for renderer/main.
[1996:1612:0825/115904.875:INFO:third_party\webrtc\rtc_base\cpu_info.cc:77] Available number of cores: 8
[10264:7484:0825/115904.941:VERBOSE1:chrome\browser\profiles\profile_manager.cc:1407] AddKeepAlive(Default, kWebAppUpdate). keep_alives=[kWaitingForFirstBrowserWindow (1), kOffTheRecordProfile (1), kExtensionUpdater (3), kWebAppUpdate (1)]
[10264:7484:0825/115904.943:VERBOSE1:chrome\browser\web_applications\locks\partitioned_lock_manager.cc:286] Releasing <PartitionedLockId>{id: 0x6668696870696f6a6b626d6270646a656f616a61706d676b686c6e616b666a66, partition: 1} requested by InstallFromInfo@chrome\browser\web_applications\commands\external_app_resolution_command.cc:800
[10264:7484:0825/115904.943:VERBOSE1:chrome\browser\web_applications\locks\partitioned_lock_manager.cc:286] Releasing <PartitionedLockId>{id: 0x31, partition: 0} requested by InstallFromInfo@chrome\browser\web_applications\commands\external_app_resolution_command.cc:800
[10264:7484:0825/115904.943:VERBOSE1:chrome\browser\web_applications\locks\partitioned_lock_manager.cc:318] Acquiring <PartitionedLockId>{id: 0x31, partition: 0} for AdjustAppStateBeforeCommit@chrome\browser\web_applications\jobs\finalize_install_job.cc:706
[10264:7484:0825/115904.943:VERBOSE1:chrome\browser\web_applications\locks\partitioned_lock_manager.cc:243] All locks acquired for AdjustAppStateBeforeCommit@chrome\browser\web_applications\jobs\finalize_install_job.cc:706
[10264:7484:0825/115904.943:VERBOSE1:chrome\browser\web_applications\locks\partitioned_lock_manager.cc:286] Releasing <PartitionedLockId>{id: 0x30, partition: 0} requested by StartInstallationTask@chrome\browser\web_applications\externally_managed_app_manager.cc:411
[10264:7484:0825/115904.943:VERBOSE1:chrome\browser\profiles\profile_manager.cc:1468] RemoveKeepAlive(Default, kWebAppUpdate). keep_alives=[kWaitingForFirstBrowserWindow (1), kOffTheRecordProfile (1), kExtensionUpdater (3)]
[10264:7484:0825/115904.943:VERBOSE1:chrome\browser\web_applications\locks\partitioned_lock_manager.cc:286] Releasing <PartitionedLockId>{id: 0x31, partition: 0} requested by AdjustAppStateBeforeCommit@chrome\browser\web_applications\jobs\finalize_install_job.cc:706
[10264:7484:0825/115904.948:VERBOSE1:chrome\browser\web_applications\locks\partitioned_lock_manager.cc:262] Acquiring <PartitionedLockId>{id: 0x31, partition: 0} for MaybeStartNext@chrome\browser\web_applications\externally_managed_app_manager.cc:271
[10264:7484:0825/115904.948:VERBOSE1:chrome\browser\web_applications\locks\partitioned_lock_manager.cc:243] All locks acquired for MaybeStartNext@chrome\browser\web_applications\externally_managed_app_manager.cc:271
[10264:7484:0825/115904.950:VERBOSE1:chrome\browser\web_applications\locks\partitioned_lock_manager.cc:262] Acquiring <PartitionedLockId>{id: 0x30, partition: 0} for StartInstallationTask@chrome\browser\web_applications\externally_managed_app_manager.cc:411
[10264:7484:0825/115904.950:VERBOSE1:chrome\browser\web_applications\locks\partitioned_lock_manager.cc:243] All locks acquired for StartInstallationTask@chrome\browser\web_applications\externally_managed_app_manager.cc:411
[10264:7484:0825/115904.950:VERBOSE1:chrome\browser\web_applications\locks\partitioned_lock_manager.cc:286] Releasing <PartitionedLockId>{id: 0x31, partition: 0} requested by MaybeStartNext@chrome\browser\web_applications\externally_managed_app_manager.cc:271
[5472:368:0825/115904.954:VERBOSE1:base\allocator\scheduler_loop_quarantine_config.cc:180] No entry found for utility.unz..om.Unzipper/global.
[5472:368:0825/115904.954:VERBOSE1:base\allocator\scheduler_loop_quarantine_config.cc:180] No entry found for utility.unzip.mojom.Unzipper/*.
[5472:368:0825/115904.954:VERBOSE1:base\allocator\scheduler_loop_quarantine_config.cc:180] No entry found for utility.unzi..jom.Unzipper/amsc.
[5472:368:0825/115904.954:VERBOSE1:base\allocator\scheduler_loop_quarantine_config.cc:180] No entry found for utility/main.
[5472:368:0825/115904.954:VERBOSE1:base\allocator\scheduler_loop_quarantine_config.cc:180] No entry found for utility/io.
[1960:24044:0825/115904.955:VERBOSE1:base\allocator\scheduler_loop_quarantine_config.cc:180] No entry found for utility.unz..om.Unzipper/global.
[1960:24044:0825/115904.955:VERBOSE1:base\allocator\scheduler_loop_quarantine_config.cc:180] No entry found for utility.unzip.mojom.Unzipper/*.
[1960:24044:0825/115904.955:VERBOSE1:base\allocator\scheduler_loop_quarantine_config.cc:180] No entry found for utility.unzi..jom.Unzipper/amsc.
[1960:24044:0825/115904.955:VERBOSE1:base\allocator\scheduler_loop_quarantine_config.cc:180] No entry found for utility/main.
[1960:24044:0825/115904.955:VERBOSE1:base\allocator\scheduler_loop_quarantine_config.cc:180] No entry found for utility/io.
[1960:24044:0825/115904.955:VERBOSE1:base\allocator\scheduler_loop_quarantine_config.cc:180] No entry found for utility.unzi..jom.Unzipper/main.
[5472:368:0825/115904.955:VERBOSE1:base\allocator\scheduler_loop_quarantine_config.cc:180] No entry found for utility.unzi..jom.Unzipper/main.
[1996:1612:0825/115904.981:VERBOSE1:extensions\renderer\script_context.cc:150] Created context:
  extension id:           (none)
  frame:                  0x610c02030ef8
  URL:                    
  context_type:           WEB_PAGE
  effective extension id: (none)
  effective context type: WEB_PAGE
[1996:1612:0825/115904.983:VERBOSE1:extensions\renderer\script_context.cc:150] Created context:
  extension id:           (none)
  frame:                  (nil)
  URL:                    
  context_type:           UNSPECIFIED
  effective extension id: (none)
  effective context type: UNSPECIFIED
[1996:1612:0825/115904.983:VERBOSE1:extensions\renderer\dispatcher.cc:494] Num tracked contexts: 1
[10264:7484:0825/115904.989:VERBOSE1:chrome\browser\web_applications\locks\partitioned_lock_manager.cc:262] Acquiring <PartitionedLockId>{id: 0x31, partition: 0} for InstallFromInfo@chrome\browser\web_applications\commands\external_app_resolution_command.cc:800
[10264:7484:0825/115904.989:VERBOSE1:chrome\browser\web_applications\locks\partitioned_lock_manager.cc:262] Acquiring <PartitionedLockId>{id: 0x6b65666a6c65646f6e6b6c696a6f706d6e6f6d6c6362706c6c63686169626167, partition: 1} for InstallFromInfo@chrome\browser\web_applications\commands\external_app_resolution_command.cc:800
[10264:7484:0825/115904.989:VERBOSE1:chrome\browser\web_applications\locks\partitioned_lock_manager.cc:243] All locks acquired for InstallFromInfo@chrome\browser\web_applications\commands\external_app_resolution_command.cc:800
[14980:12368:0825/115905.045:VERBOSE1:base\allocator\scheduler_loop_quarantine_config.cc:180] No entry found for renderer/global.
[14980:12368:0825/115905.045:VERBOSE1:base\allocator\scheduler_loop_quarantine_config.cc:180] No entry found for renderer/*.
[14980:12368:0825/115905.045:VERBOSE1:base\allocator\scheduler_loop_quarantine_config.cc:180] No entry found for renderer/amsc.
[14980:12368:0825/115905.045:VERBOSE1:base\allocator\scheduler_loop_quarantine_config.cc:180] No entry found for renderer/main.
[14980:12368:0825/115905.045:VERBOSE1:base\allocator\scheduler_loop_quarantine_config.cc:180] No entry found for renderer/io.
[14980:12368:0825/115905.045:VERBOSE1:base\allocator\scheduler_loop_quarantine_config.cc:180] No entry found for renderer/main.
[14980:12368:0825/115905.050:INFO:third_party\webrtc\rtc_base\cpu_info.cc:77] Available number of cores: 8
[10264:7484:0825/115905.100:VERBOSE1:chrome\browser\profiles\profile_manager.cc:1407] AddKeepAlive(Default, kWebAppUpdate). keep_alives=[kWaitingForFirstBrowserWindow (1), kOffTheRecordProfile (1), kExtensionUpdater (3), kWebAppUpdate (1)]
[10264:7484:0825/115905.101:VERBOSE1:chrome\browser\web_applications\locks\partitioned_lock_manager.cc:286] Releasing <PartitionedLockId>{id: 0x6b65666a6c65646f6e6b6c696a6f706d6e6f6d6c6362706c6c63686169626167, partition: 1} requested by InstallFromInfo@chrome\browser\web_applications\commands\external_app_resolution_command.cc:800
[10264:7484:0825/115905.101:VERBOSE1:chrome\browser\web_applications\locks\partitioned_lock_manager.cc:286] Releasing <PartitionedLockId>{id: 0x31, partition: 0} requested by InstallFromInfo@chrome\browser\web_applications\commands\external_app_resolution_command.cc:800
[10264:7484:0825/115905.101:VERBOSE1:chrome\browser\web_applications\locks\partitioned_lock_manager.cc:318] Acquiring <PartitionedLockId>{id: 0x31, partition: 0} for AdjustAppStateBeforeCommit@chrome\browser\web_applications\jobs\finalize_install_job.cc:706
[10264:7484:0825/115905.101:VERBOSE1:chrome\browser\web_applications\locks\partitioned_lock_manager.cc:243] All locks acquired for AdjustAppStateBeforeCommit@chrome\browser\web_applications\jobs\finalize_install_job.cc:706
[10264:7484:0825/115905.101:VERBOSE1:chrome\browser\web_applications\locks\partitioned_lock_manager.cc:286] Releasing <PartitionedLockId>{id: 0x30, partition: 0} requested by StartInstallationTask@chrome\browser\web_applications\externally_managed_app_manager.cc:411
[10264:7484:0825/115905.101:VERBOSE1:chrome\browser\profiles\profile_manager.cc:1468] RemoveKeepAlive(Default, kWebAppUpdate). keep_alives=[kWaitingForFirstBrowserWindow (1), kOffTheRecordProfile (1), kExtensionUpdater (3)]
[10264:7484:0825/115905.101:VERBOSE1:chrome\browser\web_applications\locks\partitioned_lock_manager.cc:286] Releasing <PartitionedLockId>{id: 0x31, partition: 0} requested by AdjustAppStateBeforeCommit@chrome\browser\web_applications\jobs\finalize_install_job.cc:706
[10264:7484:0825/115905.103:VERBOSE1:chrome\browser\web_applications\locks\partitioned_lock_manager.cc:262] Acquiring <PartitionedLockId>{id: 0x31, partition: 0} for MaybeStartNext@chrome\browser\web_applications\externally_managed_app_manager.cc:271
[10264:7484:0825/115905.103:VERBOSE1:chrome\browser\web_applications\locks\partitioned_lock_manager.cc:243] All locks acquired for MaybeStartNext@chrome\browser\web_applications\externally_managed_app_manager.cc:271
[10264:7484:0825/115905.105:VERBOSE1:chrome\browser\web_applications\locks\partitioned_lock_manager.cc:262] Acquiring <PartitionedLockId>{id: 0x30, partition: 0} for StartInstallationTask@chrome\browser\web_applications\externally_managed_app_manager.cc:411
[10264:7484:0825/115905.105:VERBOSE1:chrome\browser\web_applications\locks\partitioned_lock_manager.cc:243] All locks acquired for StartInstallationTask@chrome\browser\web_applications\externally_managed_app_manager.cc:411
[10264:7484:0825/115905.105:VERBOSE1:chrome\browser\web_applications\locks\partitioned_lock_manager.cc:286] Releasing <PartitionedLockId>{id: 0x31, partition: 0} requested by MaybeStartNext@chrome\browser\web_applications\externally_managed_app_manager.cc:271
[14980:12368:0825/115905.129:VERBOSE1:extensions\renderer\script_context.cc:150] Created context:
  extension id:           (none)
  frame:                  0x104402030ef8
  URL:                    
  context_type:           WEB_PAGE
  effective extension id: (none)
  effective context type: WEB_PAGE
[14980:12368:0825/115905.130:VERBOSE1:extensions\renderer\script_context.cc:150] Created context:
  extension id:           (none)
  frame:                  (nil)
  URL:                    
  context_type:           UNSPECIFIED
  effective extension id: (none)
  effective context type: UNSPECIFIED
[14980:12368:0825/115905.130:VERBOSE1:extensions\renderer\dispatcher.cc:494] Num tracked contexts: 1
[10264:7484:0825/115905.135:VERBOSE1:chrome\browser\web_applications\locks\partitioned_lock_manager.cc:262] Acquiring <PartitionedLockId>{id: 0x31, partition: 0} for InstallFromInfo@chrome\browser\web_applications\commands\external_app_resolution_command.cc:800
[10264:7484:0825/115905.135:VERBOSE1:chrome\browser\web_applications\locks\partitioned_lock_manager.cc:262] Acquiring <PartitionedLockId>{id: 0x6167696d6e6b696a636161686e6763646d6665616e67616b6e6d6c646f6f6d6c, partition: 1} for InstallFromInfo@chrome\browser\web_applications\commands\external_app_resolution_command.cc:800
[10264:7484:0825/115905.135:VERBOSE1:chrome\browser\web_applications\locks\partitioned_lock_manager.cc:243] All locks acquired for InstallFromInfo@chrome\browser\web_applications\commands\external_app_resolution_command.cc:800
[23968:7788:0825/115905.300:VERBOSE1:net\base\network_delegate.cc:38] NetworkDelegate::NotifyBeforeURLRequest: https://android.clients.google.com/c2dm/register3
[23968:7788:0825/115905.300:VERBOSE1:net\base\network_delegate.cc:38] NetworkDelegate::NotifyBeforeURLRequest: https://android.clients.google.com/c2dm/register3
[23968:7788:0825/115905.302:VERBOSE1:net\base\network_delegate.cc:38] NetworkDelegate::NotifyBeforeURLRequest: https://android.clients.google.com/c2dm/register3
[23968:7788:0825/115905.303:VERBOSE1:net\third_party\quiche\src\quiche\quic\core\tls_handshaker.cc:109] TlsClient: Continuing handshake
[2504:7780:0825/115905.311:VERBOSE1:base\allocator\scheduler_loop_quarantine_config.cc:180] No entry found for renderer/global.
[2504:7780:0825/115905.311:VERBOSE1:base\allocator\scheduler_loop_quarantine_config.cc:180] No entry found for renderer/*.
[2504:7780:0825/115905.311:VERBOSE1:base\allocator\scheduler_loop_quarantine_config.cc:180] No entry found for renderer/amsc.
[2504:7780:0825/115905.311:VERBOSE1:base\allocator\scheduler_loop_quarantine_config.cc:180] No entry found for renderer/main.
[2504:7780:0825/115905.311:VERBOSE1:base\allocator\scheduler_loop_quarantine_config.cc:180] No entry found for renderer/io.
[2504:7780:0825/115905.336:VERBOSE1:base\allocator\scheduler_loop_quarantine_config.cc:180] No entry found for renderer/main.
[5472:14256:0825/115905.337:VERBOSE1:third_party\zlib\google\zip.cc:183] Skipped ZIP entry 'manifest.json'
[2504:7780:0825/115905.346:INFO:third_party\webrtc\rtc_base\cpu_info.cc:77] Available number of cores: 8
[23968:7788:0825/115905.369:VERBOSE1:net\third_party\quiche\src\quiche\quic\core\tls_handshaker.cc:109] TlsClient: Continuing handshake
[23968:7788:0825/115905.369:VERBOSE1:net\third_party\quiche\src\quiche\quic\core\tls_handshaker.cc:109] TlsClient: Continuing handshake
[10264:7484:0825/115905.380:VERBOSE1:chrome\browser\profiles\profile_manager.cc:1407] AddKeepAlive(Default, kWebAppUpdate). keep_alives=[kWaitingForFirstBrowserWindow (1), kOffTheRecordProfile (1), kExtensionUpdater (3), kWebAppUpdate (1)]
[10264:7484:0825/115905.380:VERBOSE1:chrome\browser\web_applications\locks\partitioned_lock_manager.cc:286] Releasing <PartitionedLockId>{id: 0x6167696d6e6b696a636161686e6763646d6665616e67616b6e6d6c646f6f6d6c, partition: 1} requested by InstallFromInfo@chrome\browser\web_applications\commands\external_app_resolution_command.cc:800
[10264:7484:0825/115905.380:VERBOSE1:chrome\browser\web_applications\locks\partitioned_lock_manager.cc:286] Releasing <PartitionedLockId>{id: 0x31, partition: 0} requested by InstallFromInfo@chrome\browser\web_applications\commands\external_app_resolution_command.cc:800
[10264:7484:0825/115905.380:VERBOSE1:chrome\browser\web_applications\locks\partitioned_lock_manager.cc:318] Acquiring <PartitionedLockId>{id: 0x31, partition: 0} for AdjustAppStateBeforeCommit@chrome\browser\web_applications\jobs\finalize_install_job.cc:706
[10264:7484:0825/115905.380:VERBOSE1:chrome\browser\web_applications\locks\partitioned_lock_manager.cc:243] All locks acquired for AdjustAppStateBeforeCommit@chrome\browser\web_applications\jobs\finalize_install_job.cc:706
[10264:7484:0825/115905.380:VERBOSE1:chrome\browser\web_applications\locks\partitioned_lock_manager.cc:286] Releasing <PartitionedLockId>{id: 0x30, partition: 0} requested by StartInstallationTask@chrome\browser\web_applications\externally_managed_app_manager.cc:411
[10264:7484:0825/115905.381:VERBOSE1:chrome\browser\profiles\profile_manager.cc:1468] RemoveKeepAlive(Default, kWebAppUpdate). keep_alives=[kWaitingForFirstBrowserWindow (1), kOffTheRecordProfile (1), kExtensionUpdater (3)]
[10264:7484:0825/115905.381:VERBOSE1:chrome\browser\web_applications\locks\partitioned_lock_manager.cc:286] Releasing <PartitionedLockId>{id: 0x31, partition: 0} requested by AdjustAppStateBeforeCommit@chrome\browser\web_applications\jobs\finalize_install_job.cc:706
[10264:7484:0825/115905.384:VERBOSE1:chrome\browser\web_applications\locks\partitioned_lock_manager.cc:262] Acquiring <PartitionedLockId>{id: 0x31, partition: 0} for MaybeStartNext@chrome\browser\web_applications\externally_managed_app_manager.cc:271
[10264:7484:0825/115905.384:VERBOSE1:chrome\browser\web_applications\locks\partitioned_lock_manager.cc:243] All locks acquired for MaybeStartNext@chrome\browser\web_applications\externally_managed_app_manager.cc:271
[10264:7484:0825/115905.385:VERBOSE1:chrome\browser\web_applications\locks\partitioned_lock_manager.cc:262] Acquiring <PartitionedLockId>{id: 0x30, partition: 0} for StartInstallationTask@chrome\browser\web_applications\externally_managed_app_manager.cc:411
[10264:7484:0825/115905.385:VERBOSE1:chrome\browser\web_applications\locks\partitioned_lock_manager.cc:243] All locks acquired for StartInstallationTask@chrome\browser\web_applications\externally_managed_app_manager.cc:411
[10264:7484:0825/115905.386:VERBOSE1:chrome\browser\web_applications\locks\partitioned_lock_manager.cc:286] Releasing <PartitionedLockId>{id: 0x31, partition: 0} requested by MaybeStartNext@chrome\browser\web_applications\externally_managed_app_manager.cc:271
[2504:7780:0825/115905.406:VERBOSE1:extensions\renderer\script_context.cc:150] Created context:
  extension id:           (none)
  frame:                  0x174402030ef8
  URL:                    
  context_type:           WEB_PAGE
  effective extension id: (none)
  effective context type: WEB_PAGE
[2504:7780:0825/115905.406:VERBOSE1:extensions\renderer\script_context.cc:150] Created context:
  extension id:           (none)
  frame:                  (nil)
  URL:                    
  context_type:           UNSPECIFIED
  effective extension id: (none)
  effective context type: UNSPECIFIED
[2504:7780:0825/115905.406:VERBOSE1:extensions\renderer\dispatcher.cc:494] Num tracked contexts: 1
[10264:7484:0825/115905.410:VERBOSE1:chrome\browser\web_applications\locks\partitioned_lock_manager.cc:262] Acquiring <PartitionedLockId>{id: 0x31, partition: 0} for InstallFromInfo@chrome\browser\web_applications\commands\external_app_resolution_command.cc:800
[10264:7484:0825/115905.410:VERBOSE1:chrome\browser\web_applications\locks\partitioned_lock_manager.cc:262] Acquiring <PartitionedLockId>{id: 0x706f6d6d61636c6362666768636c68616c626f616b636970636d6d6e6468636a, partition: 1} for InstallFromInfo@chrome\browser\web_applications\commands\external_app_resolution_command.cc:800
[10264:7484:0825/115905.410:VERBOSE1:chrome\browser\web_applications\locks\partitioned_lock_manager.cc:243] All locks acquired for InstallFromInfo@chrome\browser\web_applications\commands\external_app_resolution_command.cc:800
[1960:13856:0825/115905.416:VERBOSE1:third_party\zlib\google\zip.cc:183] Skipped ZIP entry 'manifest.json'
[23968:7788:0825/115905.422:VERBOSE1:net\third_party\quiche\src\quiche\quic\core\tls_handshaker.cc:109] TlsClient: Continuing handshake
[23968:7788:0825/115905.424:VERBOSE1:net\third_party\quiche\src\quiche\quic\core\tls_handshaker.cc:109] TlsClient: Continuing handshake
[23968:7788:0825/115905.424:VERBOSE1:net\third_party\quiche\src\quiche\quic\core\tls_handshaker.cc:109] TlsClient: Continuing handshake
[23968:7788:0825/115905.425:VERBOSE1:net\third_party\quiche\src\quiche\quic\core\tls_handshaker.cc:109] TlsClient: Continuing handshake
[2212:10276:0825/115905.479:VERBOSE1:base\allocator\scheduler_loop_quarantine_config.cc:180] No entry found for utility.dat..oderService/global.
[2212:10276:0825/115905.479:VERBOSE1:base\allocator\scheduler_loop_quarantine_config.cc:180] No entry found for utility.data_..ecoderService/*.
[2212:10276:0825/115905.479:VERBOSE1:base\allocator\scheduler_loop_quarantine_config.cc:180] No entry found for utility.data..coderService/amsc.
[2212:10276:0825/115905.479:VERBOSE1:base\allocator\scheduler_loop_quarantine_config.cc:180] No entry found for utility/main.
[2212:10276:0825/115905.479:VERBOSE1:base\allocator\scheduler_loop_quarantine_config.cc:180] No entry found for utility/io.
[2212:10276:0825/115905.479:VERBOSE1:base\allocator\scheduler_loop_quarantine_config.cc:180] No entry found for utility.data..coderService/main.
[22828:16820:0825/115905.481:VERBOSE1:base\allocator\scheduler_loop_quarantine_config.cc:180] No entry found for utility.dat..oderService/global.
[22828:16820:0825/115905.481:VERBOSE1:base\allocator\scheduler_loop_quarantine_config.cc:180] No entry found for utility.data_..ecoderService/*.
[22828:16820:0825/115905.481:VERBOSE1:base\allocator\scheduler_loop_quarantine_config.cc:180] No entry found for utility.data..coderService/amsc.
[22828:16820:0825/115905.481:VERBOSE1:base\allocator\scheduler_loop_quarantine_config.cc:180] No entry found for utility/main.
[22828:16820:0825/115905.481:VERBOSE1:base\allocator\scheduler_loop_quarantine_config.cc:180] No entry found for utility/io.
[22828:16820:0825/115905.481:VERBOSE1:base\allocator\scheduler_loop_quarantine_config.cc:180] No entry found for utility.data..coderService/main.
[10264:7484:0825/115905.488:VERBOSE1:chrome\browser\profiles\profile_manager.cc:1407] AddKeepAlive(Default, kWebAppUpdate). keep_alives=[kWaitingForFirstBrowserWindow (1), kOffTheRecordProfile (1), kExtensionUpdater (3), kWebAppUpdate (1)]
[10264:7484:0825/115905.488:VERBOSE1:chrome\browser\web_applications\locks\partitioned_lock_manager.cc:286] Releasing <PartitionedLockId>{id: 0x706f6d6d61636c6362666768636c68616c626f616b636970636d6d6e6468636a, partition: 1} requested by InstallFromInfo@chrome\browser\web_applications\commands\external_app_resolution_command.cc:800
[10264:7484:0825/115905.488:VERBOSE1:chrome\browser\web_applications\locks\partitioned_lock_manager.cc:286] Releasing <PartitionedLockId>{id: 0x31, partition: 0} requested by InstallFromInfo@chrome\browser\web_applications\commands\external_app_resolution_command.cc:800
[10264:7484:0825/115905.488:VERBOSE1:chrome\browser\web_applications\locks\partitioned_lock_manager.cc:318] Acquiring <PartitionedLockId>{id: 0x31, partition: 0} for AdjustAppStateBeforeCommit@chrome\browser\web_applications\jobs\finalize_install_job.cc:706
[10264:7484:0825/115905.488:VERBOSE1:chrome\browser\web_applications\locks\partitioned_lock_manager.cc:243] All locks acquired for AdjustAppStateBeforeCommit@chrome\browser\web_applications\jobs\finalize_install_job.cc:706
[10264:7484:0825/115905.488:VERBOSE1:chrome\browser\web_applications\locks\partitioned_lock_manager.cc:286] Releasing <PartitionedLockId>{id: 0x30, partition: 0} requested by StartInstallationTask@chrome\browser\web_applications\externally_managed_app_manager.cc:411
[10264:7484:0825/115905.490:VERBOSE1:chrome\browser\profiles\profile_manager.cc:1468] RemoveKeepAlive(Default, kWebAppUpdate). keep_alives=[kWaitingForFirstBrowserWindow (1), kOffTheRecordProfile (1), kExtensionUpdater (3)]
[10264:7484:0825/115905.490:VERBOSE1:chrome\browser\web_applications\locks\partitioned_lock_manager.cc:286] Releasing <PartitionedLockId>{id: 0x31, partition: 0} requested by AdjustAppStateBeforeCommit@chrome\browser\web_applications\jobs\finalize_install_job.cc:706
[10264:7484:0825/115905.490:VERBOSE1:chrome\browser\web_applications\locks\partitioned_lock_manager.cc:318] Acquiring <PartitionedLockId>{id: 0x31, partition: 0} for ContinueSynchronization@chrome\browser\web_applications\externally_managed_app_manager.cc:736
[10264:7484:0825/115905.490:VERBOSE1:chrome\browser\web_applications\locks\partitioned_lock_manager.cc:243] All locks acquired for ContinueSynchronization@chrome\browser\web_applications\externally_managed_app_manager.cc:736
[10264:7484:0825/115905.494:VERBOSE1:chrome\browser\web_applications\locks\partitioned_lock_manager.cc:286] Releasing <PartitionedLockId>{id: 0x31, partition: 0} requested by ContinueSynchronization@chrome\browser\web_applications\externally_managed_app_manager.cc:736
[10264:7484:0825/115905.494:VERBOSE1:chrome\browser\web_applications\locks\partitioned_lock_manager.cc:318] Acquiring <PartitionedLockId>{id: 0x31, partition: 0} for MaybeStartNext@chrome\browser\web_applications\externally_managed_app_manager.cc:271
[10264:7484:0825/115905.494:VERBOSE1:chrome\browser\web_applications\locks\partitioned_lock_manager.cc:243] All locks acquired for MaybeStartNext@chrome\browser\web_applications\externally_managed_app_manager.cc:271
[10264:7484:0825/115905.495:VERBOSE1:chrome\browser\web_applications\locks\partitioned_lock_manager.cc:286] Releasing <PartitionedLockId>{id: 0x31, partition: 0} requested by MaybeStartNext@chrome\browser\web_applications\externally_managed_app_manager.cc:271
[10264:7484:0825/115905.564:VERBOSE1:components\segmentation_platform\internal\selection\segment_result_provider.cc:226] GetCachedModelScore: segment=OPTIMIZATION_TARGET_SEGMENTATION_CHROME_LOW_USER_ENGAGEMENT does not have a segment info.
[10264:7484:0825/115905.564:VERBOSE1:components\segmentation_platform\internal\selection\segment_result_provider.cc:172] OnGotModelScore: segment=OPTIMIZATION_TARGET_SEGMENTATION_CHROME_LOW_USER_ENGAGEMENT failed to get score from database, executing server model.
[10264:7484:0825/115905.564:VERBOSE1:components\segmentation_platform\internal\selection\segment_result_provider.cc:277] ExecuteModelAndGetScore: segment=OPTIMIZATION_TARGET_SEGMENTATION_CHROME_LOW_USER_ENGAGEMENT server segment info not available
[10264:7484:0825/115905.564:VERBOSE1:components\segmentation_platform\internal\selection\segment_result_provider.cc:201] OnGotModelScore: segment=OPTIMIZATION_TARGET_SEGMENTATION_CHROME_LOW_USER_ENGAGEMENT failed to get score from executing server model, getting score from default model from db.
[10264:7484:0825/115905.564:VERBOSE1:components\segmentation_platform\internal\selection\segment_result_provider.cc:240] GetCachedModelScore: segment=OPTIMIZATION_TARGET_SEGMENTATION_CHROME_LOW_USER_ENGAGEMENT has expired or unavailable result.
[10264:7484:0825/115905.564:VERBOSE1:components\segmentation_platform\internal\selection\segment_result_provider.cc:210] OnGotModelScore: segment=OPTIMIZATION_TARGET_SEGMENTATION_CHROME_LOW_USER_ENGAGEMENT failed to get database model score, trying default model.
[10264:7484:0825/115905.564:VERBOSE1:components\segmentation_platform\internal\selection\segment_result_provider.cc:295] ExecuteModelAndGetScore: segment=OPTIMIZATION_TARGET_SEGMENTATION_CHROME_LOW_USER_ENGAGEMENT signal collection not met
[10264:7484:0825/115905.564:VERBOSE1:components\segmentation_platform\internal\selection\segment_result_provider.cc:226] GetCachedModelScore: segment=OPTIMIZATION_TARGET_SEGMENTATION_SEARCH_USER does not have a segment info.
[10264:7484:0825/115905.564:VERBOSE1:components\segmentation_platform\internal\selection\segment_result_provider.cc:172] OnGotModelScore: segment=OPTIMIZATION_TARGET_SEGMENTATION_SEARCH_USER failed to get score from database, executing server model.
[10264:7484:0825/115905.564:VERBOSE1:components\segmentation_platform\internal\selection\segment_result_provider.cc:277] ExecuteModelAndGetScore: segment=OPTIMIZATION_TARGET_SEGMENTATION_SEARCH_USER server segment info not available
[10264:7484:0825/115905.564:VERBOSE1:components\segmentation_platform\internal\selection\segment_result_provider.cc:201] OnGotModelScore: segment=OPTIMIZATION_TARGET_SEGMENTATION_SEARCH_USER failed to get score from executing server model, getting score from default model from db.
[10264:7484:0825/115905.564:VERBOSE1:components\segmentation_platform\internal\selection\segment_result_provider.cc:240] GetCachedModelScore: segment=OPTIMIZATION_TARGET_SEGMENTATION_SEARCH_USER has expired or unavailable result.
[10264:7484:0825/115905.564:VERBOSE1:components\segmentation_platform\internal\selection\segment_result_provider.cc:210] OnGotModelScore: segment=OPTIMIZATION_TARGET_SEGMENTATION_SEARCH_USER failed to get database model score, trying default model.
[10264:7484:0825/115905.564:VERBOSE1:components\segmentation_platform\internal\selection\segment_result_provider.cc:295] ExecuteModelAndGetScore: segment=OPTIMIZATION_TARGET_SEGMENTATION_SEARCH_USER signal collection not met
[10264:7484:0825/115905.564:VERBOSE1:components\segmentation_platform\internal\selection\segment_result_provider.cc:226] GetCachedModelScore: segment=OPTIMIZATION_TARGET_SEGMENTATION_SHOPPING_USER does not have a segment info.
[10264:7484:0825/115905.564:VERBOSE1:components\segmentation_platform\internal\selection\segment_result_provider.cc:172] OnGotModelScore: segment=OPTIMIZATION_TARGET_SEGMENTATION_SHOPPING_USER failed to get score from database, executing server model.
[10264:7484:0825/115905.564:VERBOSE1:components\segmentation_platform\internal\selection\segment_result_provider.cc:277] ExecuteModelAndGetScore: segment=OPTIMIZATION_TARGET_SEGMENTATION_SHOPPING_USER server segment info not available
[10264:7484:0825/115905.564:VERBOSE1:components\segmentation_platform\internal\selection\segment_result_provider.cc:201] OnGotModelScore: segment=OPTIMIZATION_TARGET_SEGMENTATION_SHOPPING_USER failed to get score from executing server model, getting score from default model from db.
[10264:7484:0825/115905.564:VERBOSE1:components\segmentation_platform\internal\selection\segment_result_provider.cc:240] GetCachedModelScore: segment=OPTIMIZATION_TARGET_SEGMENTATION_SHOPPING_USER has expired or unavailable result.
[10264:7484:0825/115905.564:VERBOSE1:components\segmentation_platform\internal\selection\segment_result_provider.cc:210] OnGotModelScore: segment=OPTIMIZATION_TARGET_SEGMENTATION_SHOPPING_USER failed to get database model score, trying default model.
[10264:7484:0825/115905.564:VERBOSE1:components\segmentation_platform\internal\selection\segment_result_provider.cc:226] GetCachedModelScore: segment=CROSS_DEVICE_USER_SEGMENT does not have a segment info.
[10264:7484:0825/115905.564:VERBOSE1:components\segmentation_platform\internal\selection\segment_result_provider.cc:172] OnGotModelScore: segment=CROSS_DEVICE_USER_SEGMENT failed to get score from database, executing server model.
[10264:7484:0825/115905.564:VERBOSE1:components\segmentation_platform\internal\selection\segment_result_provider.cc:277] ExecuteModelAndGetScore: segment=CROSS_DEVICE_USER_SEGMENT server segment info not available
[10264:7484:0825/115905.564:VERBOSE1:components\segmentation_platform\internal\selection\segment_result_provider.cc:201] OnGotModelScore: segment=CROSS_DEVICE_USER_SEGMENT failed to get score from executing server model, getting score from default model from db.
[10264:7484:0825/115905.564:VERBOSE1:components\segmentation_platform\internal\selection\segment_result_provider.cc:240] GetCachedModelScore: segment=CROSS_DEVICE_USER_SEGMENT has expired or unavailable result.
[10264:7484:0825/115905.564:VERBOSE1:components\segmentation_platform\internal\selection\segment_result_provider.cc:210] OnGotModelScore: segment=CROSS_DEVICE_USER_SEGMENT failed to get database model score, trying default model.
[10264:7484:0825/115905.564:VERBOSE1:components\segmentation_platform\internal\selection\segment_result_provider.cc:295] ExecuteModelAndGetScore: segment=CROSS_DEVICE_USER_SEGMENT signal collection not met
[10264:7484:0825/115905.564:VERBOSE1:components\segmentation_platform\internal\selection\segment_result_provider.cc:226] GetCachedModelScore: segment=RESUME_HEAVY_USER_SEGMENT does not have a segment info.
[10264:7484:0825/115905.564:VERBOSE1:components\segmentation_platform\internal\selection\segment_result_provider.cc:172] OnGotModelScore: segment=RESUME_HEAVY_USER_SEGMENT failed to get score from database, executing server model.
[10264:7484:0825/115905.564:VERBOSE1:components\segmentation_platform\internal\selection\segment_result_provider.cc:277] ExecuteModelAndGetScore: segment=RESUME_HEAVY_USER_SEGMENT server segment info not available
[10264:7484:0825/115905.564:VERBOSE1:components\segmentation_platform\internal\selection\segment_result_provider.cc:201] OnGotModelScore: segment=RESUME_HEAVY_USER_SEGMENT failed to get score from executing server model, getting score from default model from db.
[10264:7484:0825/115905.564:VERBOSE1:components\segmentation_platform\internal\selection\segment_result_provider.cc:240] GetCachedModelScore: segment=RESUME_HEAVY_USER_SEGMENT has expired or unavailable result.
[10264:7484:0825/115905.564:VERBOSE1:components\segmentation_platform\internal\selection\segment_result_provider.cc:210] OnGotModelScore: segment=RESUME_HEAVY_USER_SEGMENT failed to get database model score, trying default model.
[10264:7484:0825/115905.564:VERBOSE1:components\segmentation_platform\internal\selection\segment_result_provider.cc:295] ExecuteModelAndGetScore: segment=RESUME_HEAVY_USER_SEGMENT signal collection not met
[10264:7484:0825/115905.565:VERBOSE1:components\segmentation_platform\internal\selection\segment_result_provider.cc:226] GetCachedModelScore: segment=PASSWORD_MANAGER_USER does not have a segment info.
[10264:7484:0825/115905.565:VERBOSE1:components\segmentation_platform\internal\selection\segment_result_provider.cc:172] OnGotModelScore: segment=PASSWORD_MANAGER_USER failed to get score from database, executing server model.
[10264:7484:0825/115905.565:VERBOSE1:components\segmentation_platform\internal\selection\segment_result_provider.cc:277] ExecuteModelAndGetScore: segment=PASSWORD_MANAGER_USER server segment info not available
[10264:7484:0825/115905.565:VERBOSE1:components\segmentation_platform\internal\selection\segment_result_provider.cc:201] OnGotModelScore: segment=PASSWORD_MANAGER_USER failed to get score from executing server model, getting score from default model from db.
[10264:7484:0825/115905.565:VERBOSE1:components\segmentation_platform\internal\selection\segment_result_provider.cc:240] GetCachedModelScore: segment=PASSWORD_MANAGER_USER has expired or unavailable result.
[10264:7484:0825/115905.565:VERBOSE1:components\segmentation_platform\internal\selection\segment_result_provider.cc:210] OnGotModelScore: segment=PASSWORD_MANAGER_USER failed to get database model score, trying default model.
[10264:7484:0825/115905.565:VERBOSE1:components\segmentation_platform\internal\selection\segment_result_provider.cc:295] ExecuteModelAndGetScore: segment=PASSWORD_MANAGER_USER signal collection not met
[10264:7484:0825/115905.565:VERBOSE1:components\segmentation_platform\internal\selection\segment_result_provider.cc:226] GetCachedModelScore: segment=CHROME_USER_ENGAGEMENT does not have a segment info.
[10264:7484:0825/115905.565:VERBOSE1:components\segmentation_platform\internal\selection\segment_result_provider.cc:172] OnGotModelScore: segment=CHROME_USER_ENGAGEMENT failed to get score from database, executing server model.
[10264:23156:0825/115905.565:VERBOSE1:components\segmentation_platform\internal\database\ukm_database_backend.cc:354] Output from SQL query SELECT IFNULL(COUNT(metric_value),0)FROM uma_metrics WHERE metric_hash='1A94D82447638877' AND profile_id=? AND type=? AND metric_value IN(1)AND event_timestamp BETWEEN ? AND ? Bind values: 0:1519386509 1:2 2:2026-08-18 14:59:05.565281 UTC 3:2026-08-25 14:59:05.565281 UTC  Result: 0.000000,
[10264:7484:0825/115905.565:VERBOSE1:components\segmentation_platform\internal\selection\segment_result_provider.cc:277] ExecuteModelAndGetScore: segment=CHROME_USER_ENGAGEMENT server segment info not available
[10264:7484:0825/115905.565:VERBOSE1:components\segmentation_platform\internal\selection\segment_result_provider.cc:201] OnGotModelScore: segment=CHROME_USER_ENGAGEMENT failed to get score from executing server model, getting score from default model from db.
[10264:7484:0825/115905.565:VERBOSE1:components\segmentation_platform\internal\selection\segment_result_provider.cc:240] GetCachedModelScore: segment=CHROME_USER_ENGAGEMENT has expired or unavailable result.
[10264:7484:0825/115905.565:VERBOSE1:components\segmentation_platform\internal\selection\segment_result_provider.cc:210] OnGotModelScore: segment=CHROME_USER_ENGAGEMENT failed to get database model score, trying default model.
[10264:7484:0825/115905.565:VERBOSE1:components\segmentation_platform\internal\selection\segment_result_provider.cc:295] ExecuteModelAndGetScore: segment=CHROME_USER_ENGAGEMENT signal collection not met
[10264:23156:0825/115905.565:VERBOSE1:components\segmentation_platform\internal\database\ukm_database_backend.cc:354] Output from SQL query SELECT IFNULL(COUNT(metric_value),0)FROM uma_metrics WHERE metric_hash='8A5076C9026398BD' AND profile_id=? AND type=? AND event_timestamp BETWEEN ? AND ? Bind values: 0:1519386509 1:1 2:2026-08-18 14:59:05.565281 UTC 3:2026-08-25 14:59:05.565281 UTC  Result: 0.000000,
[10264:23156:0825/115905.565:VERBOSE1:components\segmentation_platform\internal\database\ukm_database_backend.cc:354] Output from SQL query SELECT COALESCE((SELECT metric_value FROM uma_metrics WHERE metric_hash='ED7CFEC70BF9942D' AND profile_id=? AND type=? AND event_timestamp BETWEEN ? AND ? ORDER BY event_timestamp DESC,id DESC LIMIT 1),0.000000) Bind values: 0:1519386509 1:3 2:2026-08-18 14:59:05.565281 UTC 3:2026-08-25 14:59:05.565281 UTC  Result: 0.000000,
[10264:7484:0825/115905.565:VERBOSE1:components\segmentation_platform\internal\execution\model_executor_impl.cc:191] Segmentation model input:  feature 0: 0 feature 1: 0 feature 2: 0 feature 3: 0 for segment OPTIMIZATION_TARGET_SEGMENTATION_SHOPPING_USER
[10264:7484:0825/115905.565:VERBOSE1:components\segmentation_platform\internal\execution\model_executor_impl.cc:220] Segmentation model result:  output 0: 0 for segment OPTIMIZATION_TARGET_SEGMENTATION_SHOPPING_USER
[10264:7484:0825/115905.565:VERBOSE1:components\segmentation_platform\internal\execution\model_executor_impl.cc:278] Model: OPTIMIZATION_TARGET_SEGMENTATION_SHOPPING_USER version: 3 execution status: 0, output size: 1
[10264:7484:0825/115905.565:VERBOSE1:components\segmentation_platform\internal\selection\segment_result_provider.cc:29] ComputeDiscreteMapping: segment=: result=0, rank=0
[10264:7484:0825/115905.565:VERBOSE1:components\segmentation_platform\internal\selection\segment_result_provider.cc:359] OnModelExecuted: Default model executed successfully. Result: PredictionResult: timestamp: 13432143545566242 result 0: 0 for segment OPTIMIZATION_TARGET_SEGMENTATION_SHOPPING_USER
[10264:7484:0825/115905.565:VERBOSE1:components\segmentation_platform\internal\database\segment_info_database.cc:208] SaveSegmentResult: saving: PredictionResult: timestamp: 13432143545566242 result 0: 0 for segment id: OPTIMIZATION_TARGET_SEGMENTATION_SHOPPING_USER
[10264:7484:0825/115905.565:VERBOSE1:components\segmentation_platform\internal\database\cached_result_writer.cc:30] CachedResultWriter updating prefs with new result: PredictionResult: timestamp: 13432143545566242 result 0: 0 for segmentation key: shopping_user
[10264:19996:0825/115905.620:ERROR:google_apis\gcm\engine\registration_request.cc:291] Registration response error message: PHONE_REGISTRATION_ERROR
[10264:19996:0825/115905.620:VERBOSE1:google_apis\gcm\engine\registration_request.cc:256] Delaying GCM registration of app: com.google.chrome.fcm.invalidations-245350905893, for 27872 milliseconds.
[10264:19996:0825/115905.653:ERROR:google_apis\gcm\engine\registration_request.cc:291] Registration response error message: PHONE_REGISTRATION_ERROR
[10264:19996:0825/115905.653:VERBOSE1:google_apis\gcm\engine\registration_request.cc:256] Delaying GCM registration of app: com.google.android.gms, for 22753 milliseconds.
[10264:7484:0825/115905.725:VERBOSE1:components\signin\internal\identity_manager\mutable_profile_oauth2_token_service_delegate.cc:461] MutablePO2TS::RefreshTokenIsAvailable
[10264:7484:0825/115905.725:VERBOSE1:chrome\browser\profiles\profile_manager.cc:1468] RemoveKeepAlive(Default, kExtensionUpdater). keep_alives=[kWaitingForFirstBrowserWindow (1), kOffTheRecordProfile (1), kExtensionUpdater (2)]
[10264:15792:0825/115905.731:VERBOSE1:net\disk_cache\simple\simple_index_file.cc:625] Simple Cache Index is being restored from disk.
[10264:9220:0825/115905.731:VERBOSE1:net\disk_cache\simple\simple_index_file.cc:625] Simple Cache Index is being restored from disk.
[23968:13288:0825/115905.749:VERBOSE1:net\disk_cache\simple\simple_index_file.cc:625] Simple Cache Index is being restored from disk.
[10264:23156:0825/115905.751:VERBOSE1:extensions\browser\content_verifier\content_hash.cc:397] content mismatch for _locales/bg/messages.json
[10264:23156:0825/115905.751:VERBOSE1:extensions\browser\content_verifier\content_hash.cc:397] content mismatch for _locales/ca/messages.json
[10264:23156:0825/115905.751:VERBOSE1:extensions\browser\content_verifier\content_hash.cc:397] content mismatch for _locales/cs/messages.json
[10264:23156:0825/115905.751:VERBOSE1:extensions\browser\content_verifier\content_hash.cc:397] content mismatch for _locales/da/messages.json
[10264:23156:0825/115905.751:VERBOSE1:extensions\browser\content_verifier\content_hash.cc:397] content mismatch for _locales/de/messages.json
[10264:23156:0825/115905.751:VERBOSE1:extensions\browser\content_verifier\content_hash.cc:397] content mismatch for _locales/el/messages.json
[10264:23156:0825/115905.751:VERBOSE1:extensions\browser\content_verifier\content_hash.cc:397] content mismatch for _locales/en/messages.json
[10264:23156:0825/115905.751:VERBOSE1:extensions\browser\content_verifier\content_hash.cc:397] content mismatch for _locales/en_GB/messages.json
[10264:23156:0825/115905.751:VERBOSE1:extensions\browser\content_verifier\content_hash.cc:397] content mismatch for _locales/es/messages.json
[10264:23156:0825/115905.751:VERBOSE1:extensions\browser\content_verifier\content_hash.cc:397] content mismatch for _locales/es_419/messages.json
[10264:23156:0825/115905.751:VERBOSE1:extensions\browser\content_verifier\content_hash.cc:397] content mismatch for _locales/et/messages.json
[10264:23156:0825/115905.751:VERBOSE1:extensions\browser\content_verifier\content_hash.cc:397] content mismatch for _locales/fi/messages.json
[10264:23156:0825/115905.751:VERBOSE1:extensions\browser\content_verifier\content_hash.cc:397] content mismatch for _locales/fil/messages.json
[10264:23156:0825/115905.751:VERBOSE1:extensions\browser\content_verifier\content_hash.cc:397] content mismatch for _locales/fr/messages.json
[10264:23156:0825/115905.751:VERBOSE1:extensions\browser\content_verifier\content_hash.cc:397] content mismatch for _locales/hi/messages.json
[10264:23156:0825/115905.751:VERBOSE1:extensions\browser\content_verifier\content_hash.cc:397] content mismatch for _locales/hr/messages.json
[10264:23156:0825/115905.751:VERBOSE1:extensions\browser\content_verifier\content_hash.cc:397] content mismatch for _locales/hu/messages.json
[10264:23156:0825/115905.751:VERBOSE1:extensions\browser\content_verifier\content_hash.cc:397] content mismatch for _locales/id/messages.json
[10264:23156:0825/115905.751:VERBOSE1:extensions\browser\content_verifier\content_hash.cc:397] content mismatch for _locales/it/messages.json
[10264:23156:0825/115905.751:VERBOSE1:extensions\browser\content_verifier\content_hash.cc:397] content mismatch for _locales/ja/messages.json
[10264:23156:0825/115905.751:VERBOSE1:extensions\browser\content_verifier\content_hash.cc:397] content mismatch for _locales/ko/messages.json
[10264:23156:0825/115905.751:VERBOSE1:extensions\browser\content_verifier\content_hash.cc:397] content mismatch for _locales/lt/messages.json
[10264:23156:0825/115905.751:VERBOSE1:extensions\browser\content_verifier\content_hash.cc:397] content mismatch for _locales/lv/messages.json
[10264:23156:0825/115905.751:VERBOSE1:extensions\browser\content_verifier\content_hash.cc:397] content mismatch for _locales/nb/messages.json
[10264:23156:0825/115905.751:VERBOSE1:extensions\browser\content_verifier\content_hash.cc:397] content mismatch for _locales/nl/messages.json
[10264:23156:0825/115905.751:VERBOSE1:extensions\browser\content_verifier\content_hash.cc:397] content mismatch for _locales/pl/messages.json
[10264:23156:0825/115905.751:VERBOSE1:extensions\browser\content_verifier\content_hash.cc:397] content mismatch for _locales/pt_BR/messages.json
[10264:23156:0825/115905.751:VERBOSE1:extensions\browser\content_verifier\content_hash.cc:397] content mismatch for _locales/pt_PT/messages.json
[10264:23156:0825/115905.751:VERBOSE1:extensions\browser\content_verifier\content_hash.cc:397] content mismatch for _locales/ro/messages.json
[10264:23156:0825/115905.751:VERBOSE1:extensions\browser\content_verifier\content_hash.cc:397] content mismatch for _locales/ru/messages.json
[10264:23156:0825/115905.751:VERBOSE1:extensions\browser\content_verifier\content_hash.cc:397] content mismatch for _locales/sk/messages.json
[10264:23156:0825/115905.751:VERBOSE1:extensions\browser\content_verifier\content_hash.cc:397] content mismatch for _locales/sl/messages.json
[10264:23156:0825/115905.751:VERBOSE1:extensions\browser\content_verifier\content_hash.cc:397] content mismatch for _locales/sr/messages.json
[10264:23156:0825/115905.751:VERBOSE1:extensions\browser\content_verifier\content_hash.cc:397] content mismatch for _locales/sv/messages.json
[10264:23156:0825/115905.751:VERBOSE1:extensions\browser\content_verifier\content_hash.cc:397] content mismatch for _locales/th/messages.json
[10264:23156:0825/115905.751:VERBOSE1:extensions\browser\content_verifier\content_hash.cc:397] content mismatch for _locales/tr/messages.json
[10264:23156:0825/115905.751:VERBOSE1:extensions\browser\content_verifier\content_hash.cc:397] content mismatch for _locales/uk/messages.json
[10264:23156:0825/115905.751:VERBOSE1:extensions\browser\content_verifier\content_hash.cc:397] content mismatch for _locales/vi/messages.json
[10264:23156:0825/115905.751:VERBOSE1:extensions\browser\content_verifier\content_hash.cc:397] content mismatch for _locales/zh_CN/messages.json
[10264:23156:0825/115905.751:VERBOSE1:extensions\browser\content_verifier\content_hash.cc:397] content mismatch for _locales/zh_TW/messages.json
[10264:23156:0825/115905.751:VERBOSE1:extensions\browser\content_verifier\content_hash.cc:397] content mismatch for images/icon_128.png
[10264:23156:0825/115905.751:VERBOSE1:extensions\browser\content_verifier\content_hash.cc:397] content mismatch for images/icon_16.png
[10264:23156:0825/115905.751:VERBOSE1:extensions\browser\content_verifier\content_hash.cc:397] content mismatch for manifest.json
[10264:19996:0825/115905.757:VERBOSE1:extensions\browser\content_verifier\content_verifier.cc:944] OnFetchComplete nmmhkkegccagdldgiimedpiccmgmieda success:1
[12852:19152:0825/115905.772:VERBOSE1:base\allocator\scheduler_loop_quarantine_config.cc:180] No entry found for renderer/global.
[12852:19152:0825/115905.772:VERBOSE1:base\allocator\scheduler_loop_quarantine_config.cc:180] No entry found for renderer/*.
[12852:19152:0825/115905.772:VERBOSE1:base\allocator\scheduler_loop_quarantine_config.cc:180] No entry found for renderer/amsc.
[12852:19152:0825/115905.772:VERBOSE1:base\allocator\scheduler_loop_quarantine_config.cc:180] No entry found for renderer/main.
[12852:19152:0825/115905.772:VERBOSE1:base\allocator\scheduler_loop_quarantine_config.cc:180] No entry found for renderer/io.
[12852:19152:0825/115905.772:VERBOSE1:base\allocator\scheduler_loop_quarantine_config.cc:180] No entry found for renderer/main.
[12852:19152:0825/115905.779:INFO:third_party\webrtc\rtc_base\cpu_info.cc:77] Available number of cores: 8
[12852:19152:0825/115905.811:VERBOSE1:extensions\renderer\script_context.cc:150] Created context:
  extension id:           nmmhkkegccagdldgiimedpiccmgmieda
  frame:                  0x53ec02030ef8
  URL:                    
  context_type:           BLESSED_EXTENSION
  effective extension id: nmmhkkegccagdldgiimedpiccmgmieda
  effective context type: BLESSED_EXTENSION
[12852:19152:0825/115905.811:VERBOSE1:extensions\renderer\script_context.cc:150] Created context:
  extension id:           (none)
  frame:                  (nil)
  URL:                    
  context_type:           UNSPECIFIED
  effective extension id: (none)
  effective context type: UNSPECIFIED
[12852:19152:0825/115905.819:VERBOSE1:extensions\renderer\dispatcher.cc:494] Num tracked contexts: 1
[10264:23156:0825/115905.819:VERBOSE1:content\browser\loader\file_url_loader_factory.cc:470] FileURLLoader::Start: file:///C:/Users/llame/AppData/Local/Temp/HeadlessChrome102641038656734/Default/Extensions/nmmhkkegccagdldgiimedpiccmgmieda/1.0.0.6_0/craw_background.js
[10264:19996:0825/115905.819:VERBOSE1:extensions\browser\content_verifier\content_verifier.cc:944] OnFetchComplete nmmhkkegccagdldgiimedpiccmgmieda success:1
[10264:19996:0825/115905.837:ERROR:google_apis\gcm\engine\mcs_client.cc:702]   Error code: 401  Error message: Authentication Failed: wrong_secret
[10264:19996:0825/115905.837:ERROR:google_apis\gcm\engine\mcs_client.cc:704] Failed to log in to GCM, resetting connection.
[10264:7484:0825/115905.970:VERBOSE1:extensions\browser\install_signer.cc:349] Sending request: {"hash":"TuRa6IlZi+De/YXRQaDUM8ZyehAyOwLFd7x/XMw9LyU=","ids":["ghbmnnjooekpmoecnnnilnnbdlolhkhi"],"protocol_version":1}
[23968:7788:0825/115905.970:VERBOSE1:net\base\network_delegate.cc:38] NetworkDelegate::NotifyBeforeURLRequest: https://www.googleapis.com/chromewebstore/v1.1/items/verify
[10264:7484:0825/115905.973:VERBOSE1:chrome\browser\profiles\profile_manager.cc:1468] RemoveKeepAlive(Default, kExtensionUpdater). keep_alives=[kWaitingForFirstBrowserWindow (1), kOffTheRecordProfile (1), kExtensionUpdater (1)]
[10264:7484:0825/115905.973:VERBOSE1:chrome\browser\profiles\profile_manager.cc:1468] RemoveKeepAlive(Default, kExtensionUpdater). keep_alives=[kWaitingForFirstBrowserWindow (1), kOffTheRecordProfile (1)]
[10264:15772:0825/115905.978:VERBOSE1:content\browser\loader\file_url_loader_factory.cc:470] FileURLLoader::Start: file:///C:/Users/llame/AppData/Local/Temp/HeadlessChrome102641038656734/Default/Extensions/ghbmnnjooekpmoecnnnilnnbdlolhkhi/1.109.1_0/service_worker_bin_prod.js
[10264:23156:0825/115906.020:VERBOSE1:extensions\browser\content_verifier\content_hash.cc:397] content mismatch for 128.png
[10264:23156:0825/115906.020:VERBOSE1:extensions\browser\content_verifier\content_hash.cc:397] content mismatch for _locales/af/messages.json
[10264:23156:0825/115906.020:VERBOSE1:extensions\browser\content_verifier\content_hash.cc:397] content mismatch for _locales/am/messages.json
[10264:23156:0825/115906.020:VERBOSE1:extensions\browser\content_verifier\content_hash.cc:397] content mismatch for _locales/ar/messages.json
[10264:23156:0825/115906.020:VERBOSE1:extensions\browser\content_verifier\content_hash.cc:397] content mismatch for _locales/az/messages.json
[10264:23156:0825/115906.020:VERBOSE1:extensions\browser\content_verifier\content_hash.cc:397] content mismatch for _locales/bg/messages.json
[10264:23156:0825/115906.020:VERBOSE1:extensions\browser\content_verifier\content_hash.cc:397] content mismatch for _locales/bn/messages.json
[10264:23156:0825/115906.020:VERBOSE1:extensions\browser\content_verifier\content_hash.cc:397] content mismatch for _locales/ca/messages.json
[10264:23156:0825/115906.020:VERBOSE1:extensions\browser\content_verifier\content_hash.cc:397] content mismatch for _locales/cs/messages.json
[10264:23156:0825/115906.020:VERBOSE1:extensions\browser\content_verifier\content_hash.cc:397] content mismatch for _locales/da/messages.json
[10264:23156:0825/115906.020:VERBOSE1:extensions\browser\content_verifier\content_hash.cc:397] content mismatch for _locales/de/messages.json
[10264:23156:0825/115906.020:VERBOSE1:extensions\browser\content_verifier\content_hash.cc:397] content mismatch for _locales/el/messages.json
[10264:23156:0825/115906.020:VERBOSE1:extensions\browser\content_verifier\content_hash.cc:397] content mismatch for _locales/en/messages.json
[10264:23156:0825/115906.020:VERBOSE1:extensions\browser\content_verifier\content_hash.cc:397] content mismatch for _locales/en_CA/messages.json
[10264:23156:0825/115906.020:VERBOSE1:extensions\browser\content_verifier\content_hash.cc:397] content mismatch for _locales/en_GB/messages.json
[10264:23156:0825/115906.020:VERBOSE1:extensions\browser\content_verifier\content_hash.cc:397] content mismatch for _locales/en_US/messages.json
[10264:23156:0825/115906.020:VERBOSE1:extensions\browser\content_verifier\content_hash.cc:397] content mismatch for _locales/es/messages.json
[10264:23156:0825/115906.020:VERBOSE1:extensions\browser\content_verifier\content_hash.cc:397] content mismatch for _locales/es_419/messages.json
[10264:23156:0825/115906.020:VERBOSE1:extensions\browser\content_verifier\content_hash.cc:397] content mismatch for _locales/et/messages.json
[10264:23156:0825/115906.020:VERBOSE1:extensions\browser\content_verifier\content_hash.cc:397] content mismatch for _locales/fa/messages.json
[10264:23156:0825/115906.020:VERBOSE1:extensions\browser\content_verifier\content_hash.cc:397] content mismatch for _locales/fi/messages.json
[10264:23156:0825/115906.020:VERBOSE1:extensions\browser\content_verifier\content_hash.cc:397] content mismatch for _locales/fil/messages.json
[10264:23156:0825/115906.020:VERBOSE1:extensions\browser\content_verifier\content_hash.cc:397] content mismatch for _locales/fr/messages.json
[10264:23156:0825/115906.020:VERBOSE1:extensions\browser\content_verifier\content_hash.cc:397] content mismatch for _locales/fr_CA/messages.json
[10264:23156:0825/115906.020:VERBOSE1:extensions\browser\content_verifier\content_hash.cc:397] content mismatch for _locales/gu/messages.json
[10264:23156:0825/115906.020:VERBOSE1:extensions\browser\content_verifier\content_hash.cc:397] content mismatch for _locales/hi/messages.json
[10264:23156:0825/115906.020:VERBOSE1:extensions\browser\content_verifier\content_hash.cc:397] content mismatch for _locales/hr/messages.json
[10264:23156:0825/115906.020:VERBOSE1:extensions\browser\content_verifier\content_hash.cc:397] content mismatch for _locales/hu/messages.json
[10264:23156:0825/115906.020:VERBOSE1:extensions\browser\content_verifier\content_hash.cc:397] content mismatch for _locales/id/messages.json
[10264:23156:0825/115906.020:VERBOSE1:extensions\browser\content_verifier\content_hash.cc:397] content mismatch for _locales/it/messages.json
[10264:23156:0825/115906.020:VERBOSE1:extensions\browser\content_verifier\content_hash.cc:397] content mismatch for _locales/ja/messages.json
[10264:23156:0825/115906.020:VERBOSE1:extensions\browser\content_verifier\content_hash.cc:397] content mismatch for _locales/kk/messages.json
[10264:23156:0825/115906.020:VERBOSE1:extensions\browser\content_verifier\content_hash.cc:397] content mismatch for _locales/kn/messages.json
[10264:23156:0825/115906.020:VERBOSE1:extensions\browser\content_verifier\content_hash.cc:397] content mismatch for _locales/ko/messages.json
[10264:23156:0825/115906.020:VERBOSE1:extensions\browser\content_verifier\content_hash.cc:397] content mismatch for _locales/lt/messages.json
[10264:23156:0825/115906.020:VERBOSE1:extensions\browser\content_verifier\content_hash.cc:397] content mismatch for _locales/lv/messages.json
[10264:23156:0825/115906.020:VERBOSE1:extensions\browser\content_verifier\content_hash.cc:397] content mismatch for _locales/ml/messages.json
[10264:23156:0825/115906.020:VERBOSE1:extensions\browser\content_verifier\content_hash.cc:397] content mismatch for _locales/mr/messages.json
[10264:23156:0825/115906.020:VERBOSE1:extensions\browser\content_verifier\content_hash.cc:397] content mismatch for _locales/ms/messages.json
[10264:23156:0825/115906.020:VERBOSE1:extensions\browser\content_verifier\content_hash.cc:397] content mismatch for _locales/nl/messages.json
[10264:23156:0825/115906.020:VERBOSE1:extensions\browser\content_verifier\content_hash.cc:397] content mismatch for _locales/no/messages.json
[10264:23156:0825/115906.020:VERBOSE1:extensions\browser\content_verifier\content_hash.cc:397] content mismatch for _locales/pl/messages.json
[10264:23156:0825/115906.020:VERBOSE1:extensions\browser\content_verifier\content_hash.cc:397] content mismatch for _locales/pt_BR/messages.json
[10264:23156:0825/115906.020:VERBOSE1:extensions\browser\content_verifier\content_hash.cc:397] content mismatch for _locales/pt_PT/messages.json
[10264:23156:0825/115906.020:VERBOSE1:extensions\browser\content_verifier\content_hash.cc:397] content mismatch for _locales/ro/messages.json
[10264:23156:0825/115906.020:VERBOSE1:extensions\browser\content_verifier\content_hash.cc:397] content mismatch for _locales/ru/messages.json
[10264:23156:0825/115906.020:VERBOSE1:extensions\browser\content_verifier\content_hash.cc:397] content mismatch for _locales/sk/messages.json
[10264:23156:0825/115906.020:VERBOSE1:extensions\browser\content_verifier\content_hash.cc:397] content mismatch for _locales/sl/messages.json
[10264:23156:0825/115906.020:VERBOSE1:extensions\browser\content_verifier\content_hash.cc:397] content mismatch for _locales/sr/messages.json
[10264:23156:0825/115906.020:VERBOSE1:extensions\browser\content_verifier\content_hash.cc:397] content mismatch for _locales/sv/messages.json
[10264:23156:0825/115906.020:VERBOSE1:extensions\browser\content_verifier\content_hash.cc:397] content mismatch for _locales/sw/messages.json
[10264:23156:0825/115906.020:VERBOSE1:extensions\browser\content_verifier\content_hash.cc:397] content mismatch for _locales/ta/messages.json
[10264:23156:0825/115906.020:VERBOSE1:extensions\browser\content_verifier\content_hash.cc:397] content mismatch for _locales/te/messages.json
[10264:23156:0825/115906.020:VERBOSE1:extensions\browser\content_verifier\content_hash.cc:397] content mismatch for _locales/th/messages.json
[10264:23156:0825/115906.020:VERBOSE1:extensions\browser\content_verifier\content_hash.cc:397] content mismatch for _locales/tr/messages.json
[10264:23156:0825/115906.020:VERBOSE1:extensions\browser\content_verifier\content_hash.cc:397] content mismatch for _locales/uk/messages.json
[10264:23156:0825/115906.020:VERBOSE1:extensions\browser\content_verifier\content_hash.cc:397] content mismatch for _locales/ur/messages.json
[10264:23156:0825/115906.020:VERBOSE1:extensions\browser\content_verifier\content_hash.cc:397] content mismatch for _locales/uz/messages.json
[10264:23156:0825/115906.020:VERBOSE1:extensions\browser\content_verifier\content_hash.cc:397] content mismatch for _locales/vi/messages.json
[10264:23156:0825/115906.020:VERBOSE1:extensions\browser\content_verifier\content_hash.cc:397] content mismatch for _locales/zh_CN/messages.json
[10264:23156:0825/115906.020:VERBOSE1:extensions\browser\content_verifier\content_hash.cc:397] content mismatch for _locales/zh_TW/messages.json
[10264:23156:0825/115906.020:VERBOSE1:extensions\browser\content_verifier\content_hash.cc:397] content mismatch for manifest.json
[10264:19996:0825/115906.023:VERBOSE1:extensions\browser\content_verifier\content_verifier.cc:944] OnFetchComplete ghbmnnjooekpmoecnnnilnnbdlolhkhi success:1
[20912:23336:0825/115906.031:VERBOSE1:base\allocator\scheduler_loop_quarantine_config.cc:180] No entry found for renderer/global.
[20912:23336:0825/115906.031:VERBOSE1:base\allocator\scheduler_loop_quarantine_config.cc:180] No entry found for renderer/*.
[20912:23336:0825/115906.031:VERBOSE1:base\allocator\scheduler_loop_quarantine_config.cc:180] No entry found for renderer/amsc.
[20912:23336:0825/115906.031:VERBOSE1:base\allocator\scheduler_loop_quarantine_config.cc:180] No entry found for renderer/main.
[20912:23336:0825/115906.031:VERBOSE1:base\allocator\scheduler_loop_quarantine_config.cc:180] No entry found for renderer/io.
[20912:23336:0825/115906.031:VERBOSE1:base\allocator\scheduler_loop_quarantine_config.cc:180] No entry found for renderer/main.
[20912:23336:0825/115906.033:INFO:third_party\webrtc\rtc_base\cpu_info.cc:77] Available number of cores: 8
[20912:24320:0825/115906.069:VERBOSE1:extensions\renderer\script_context.cc:150] Created context:
  extension id:           ghbmnnjooekpmoecnnnilnnbdlolhkhi
  frame:                  (nil)
  URL:                    
  context_type:           BLESSED_EXTENSION
  effective extension id: ghbmnnjooekpmoecnnnilnnbdlolhkhi
  effective context type: BLESSED_EXTENSION
[20912:24320:0825/115906.070:VERBOSE1:extensions\renderer\script_context.cc:150] Created context:
  extension id:           (none)
  frame:                  (nil)
  URL:                    
  context_type:           UNSPECIFIED
  effective extension id: (none)
  effective context type: UNSPECIFIED
[10264:7484:0825/115906.488:VERBOSE1:chrome\browser\policy\cloud\fm_registration_token_uploader.cc:193] Client is missing for kUser scope
[10264:7484:0825/115906.490:VERBOSE1:extensions\browser\install_signer.cc:370] Got response: {
  "protocol_version": 1,
  "signature": "f38fW75ip5XGAZ3SQ7Ig8NeLiK81jkJjMKj2cWkNL9D8zRqBt+vEYgMCLSQWO2M/NWjIhspjn2/dQfz0OL2MVXFL8OYJuf3aKVaK9O5wole5YaAwKepibYS1NPnCxm5TcJ8QiPRw1yxtBXdo2reQ07ivT57dPCVmnO1oDxA/js3KyCLPV6GHhd2hjvWtWxM9HNgcHdqYgAX5p23csl8k/QQqsAHcbjquOI83eAa8V+SpvMEirbvSYv/FOHNcN73YI34nS4rVRDjXrzdFkAz04MTXgl09YMv8FuM48rNUh3OssuXBhosK6OAKRVmnjrZLTGHePHkX6gl2fukWAyJn0w==",
  "expiry": "2026-11-17",
  "pubkey_sha1_hash": "a2159534e3753e716819beb8aae14b326927505a"
}

[23968:7788:0825/115910.199:VERBOSE1:net\base\network_delegate.cc:38] NetworkDelegate::NotifyBeforeURLRequest: https://optimizationguide-pa.googleapis.com/v1:GetModels?key=AIzaSyA2KlwBX3mkFo30om9LUFYQhpqLoa_BNhE
[23968:7788:0825/115912.213:VERBOSE1:net\base\network_delegate.cc:38] NetworkDelegate::NotifyBeforeURLRequest: https://optimizationguide-pa.googleapis.com/downloads?name=1679317318&target=OPTIMIZATION_TARGET_LANGUAGE_DETECTION
[23968:7788:0825/115912.216:VERBOSE1:net\base\network_delegate.cc:38] NetworkDelegate::NotifyBeforeURLRequest: https://optimizationguide-pa.googleapis.com/downloads?name=1783972948&target=OPTIMIZATION_TARGET_NOTIFICATION_PERMISSION_PREDICTIONS
[23968:7788:0825/115912.903:VERBOSE1:components\domain_reliability\scheduler.cc:184] Scheduling upload for between 59 and 299 seconds from now.
[21660:14912:0825/115913.076:VERBOSE1:base\allocator\scheduler_loop_quarantine_config.cc:180] No entry found for utility.qua...Quarantine/global.
[21660:14912:0825/115913.076:VERBOSE1:base\allocator\scheduler_loop_quarantine_config.cc:180] No entry found for utility.quara..om.Quarantine/*.
[21660:14912:0825/115913.076:VERBOSE1:base\allocator\scheduler_loop_quarantine_config.cc:180] No entry found for utility.quar..m.Quarantine/amsc.
[21660:14912:0825/115913.076:VERBOSE1:base\allocator\scheduler_loop_quarantine_config.cc:180] No entry found for utility/main.
[21660:14912:0825/115913.076:VERBOSE1:base\allocator\scheduler_loop_quarantine_config.cc:180] No entry found for utility/io.
[21660:14912:0825/115913.076:VERBOSE1:base\allocator\scheduler_loop_quarantine_config.cc:180] No entry found for utility.quar..m.Quarantine/main.
[23968:7788:0825/115913.274:VERBOSE1:net\base\network_delegate.cc:38] NetworkDelegate::NotifyBeforeURLRequest: https://optimizationguide-pa.googleapis.com/downloads?name=1673999601&target=OPTIMIZATION_TARGET_PAGE_VISIBILITY
[23968:7788:0825/115913.280:VERBOSE1:net\third_party\quiche\src\quiche\quic\core\tls_handshaker.cc:109] TlsClient: Continuing handshake
[9228:23052:0825/115913.322:VERBOSE1:base\allocator\scheduler_loop_quarantine_config.cc:180] No entry found for utility.unz..om.Unzipper/global.
[9228:23052:0825/115913.322:VERBOSE1:base\allocator\scheduler_loop_quarantine_config.cc:180] No entry found for utility.unzip.mojom.Unzipper/*.
[9228:23052:0825/115913.322:VERBOSE1:base\allocator\scheduler_loop_quarantine_config.cc:180] No entry found for utility.unzi..jom.Unzipper/amsc.
[9228:23052:0825/115913.322:VERBOSE1:base\allocator\scheduler_loop_quarantine_config.cc:180] No entry found for utility/main.
[9228:23052:0825/115913.322:VERBOSE1:base\allocator\scheduler_loop_quarantine_config.cc:180] No entry found for utility/io.
[9228:23052:0825/115913.322:VERBOSE1:base\allocator\scheduler_loop_quarantine_config.cc:180] No entry found for utility.unzi..jom.Unzipper/main.
[23968:7788:0825/115913.355:VERBOSE1:net\third_party\quiche\src\quiche\quic\core\tls_handshaker.cc:109] TlsClient: Continuing handshake
[23968:7788:0825/115913.358:VERBOSE1:net\third_party\quiche\src\quiche\quic\core\tls_handshaker.cc:109] TlsClient: Continuing handshake
[23968:7788:0825/115913.382:VERBOSE1:net\third_party\quiche\src\quiche\quic\core\tls_handshaker.cc:109] TlsClient: Continuing handshake
[23968:7788:0825/115913.382:VERBOSE1:net\third_party\quiche\src\quiche\quic\core\tls_handshaker.cc:109] TlsClient: Continuing handshake
[23968:7788:0825/115913.382:VERBOSE1:net\third_party\quiche\src\quiche\quic\core\tls_handshaker.cc:109] TlsClient: Continuing handshake
[17692:6332:0825/115913.412:VERBOSE1:base\allocator\scheduler_loop_quarantine_config.cc:180] No entry found for utility.qua...Quarantine/global.
[17692:6332:0825/115913.412:VERBOSE1:base\allocator\scheduler_loop_quarantine_config.cc:180] No entry found for utility.quara..om.Quarantine/*.
[17692:6332:0825/115913.412:VERBOSE1:base\allocator\scheduler_loop_quarantine_config.cc:180] No entry found for utility.quar..m.Quarantine/amsc.
[17692:6332:0825/115913.412:VERBOSE1:base\allocator\scheduler_loop_quarantine_config.cc:180] No entry found for utility/main.
[17692:6332:0825/115913.412:VERBOSE1:base\allocator\scheduler_loop_quarantine_config.cc:180] No entry found for utility/io.
[17692:6332:0825/115913.412:VERBOSE1:base\allocator\scheduler_loop_quarantine_config.cc:180] No entry found for utility.quar..m.Quarantine/main.
[23968:7788:0825/115913.424:VERBOSE1:net\third_party\quiche\src\quiche\quic\core\tls_handshaker.cc:109] TlsClient: Continuing handshake
[23968:7788:0825/115913.543:VERBOSE1:net\base\network_delegate.cc:38] NetworkDelegate::NotifyBeforeURLRequest: https://optimizationguide-pa.googleapis.com/downloads?name=5&target=OPTIMIZATION_TARGET_PAGE_TOPICS_V2
[21424:13748:0825/115913.603:VERBOSE1:base\allocator\scheduler_loop_quarantine_config.cc:180] No entry found for utility.unz..om.Unzipper/global.
[21424:13748:0825/115913.603:VERBOSE1:base\allocator\scheduler_loop_quarantine_config.cc:180] No entry found for utility.unzip.mojom.Unzipper/*.
[21424:13748:0825/115913.603:VERBOSE1:base\allocator\scheduler_loop_quarantine_config.cc:180] No entry found for utility.unzi..jom.Unzipper/amsc.
[21424:13748:0825/115913.603:VERBOSE1:base\allocator\scheduler_loop_quarantine_config.cc:180] No entry found for utility/main.
[21424:13748:0825/115913.603:VERBOSE1:base\allocator\scheduler_loop_quarantine_config.cc:180] No entry found for utility/io.
[21424:13748:0825/115913.603:VERBOSE1:base\allocator\scheduler_loop_quarantine_config.cc:180] No entry found for utility.unzi..jom.Unzipper/main.
[2592:21108:0825/115914.116:VERBOSE1:base\allocator\scheduler_loop_quarantine_config.cc:180] No entry found for utility.qua...Quarantine/global.
[2592:21108:0825/115914.116:VERBOSE1:base\allocator\scheduler_loop_quarantine_config.cc:180] No entry found for utility.quara..om.Quarantine/*.
[2592:21108:0825/115914.116:VERBOSE1:base\allocator\scheduler_loop_quarantine_config.cc:180] No entry found for utility.quar..m.Quarantine/amsc.
[2592:21108:0825/115914.116:VERBOSE1:base\allocator\scheduler_loop_quarantine_config.cc:180] No entry found for utility/main.
[2592:21108:0825/115914.116:VERBOSE1:base\allocator\scheduler_loop_quarantine_config.cc:180] No entry found for utility/io.
[2592:21108:0825/115914.116:VERBOSE1:base\allocator\scheduler_loop_quarantine_config.cc:180] No entry found for utility.quar..m.Quarantine/main.
[23968:7788:0825/115914.351:VERBOSE1:net\base\network_delegate.cc:38] NetworkDelegate::NotifyBeforeURLRequest: https://optimizationguide-pa.googleapis.com/downloads?name=1783972936&target=OPTIMIZATION_TARGET_GEOLOCATION_PERMISSION_PREDICTIONS
[25176:22336:0825/115914.401:VERBOSE1:base\allocator\scheduler_loop_quarantine_config.cc:180] No entry found for utility.unz..om.Unzipper/global.
[25176:22336:0825/115914.401:VERBOSE1:base\allocator\scheduler_loop_quarantine_config.cc:180] No entry found for utility.unzip.mojom.Unzipper/*.
[25176:22336:0825/115914.407:VERBOSE1:base\allocator\scheduler_loop_quarantine_config.cc:180] No entry found for utility.unzi..jom.Unzipper/amsc.
[25176:22336:0825/115914.407:VERBOSE1:base\allocator\scheduler_loop_quarantine_config.cc:180] No entry found for utility/main.
[25176:22336:0825/115914.407:VERBOSE1:base\allocator\scheduler_loop_quarantine_config.cc:180] No entry found for utility/io.
[25176:22336:0825/115914.407:VERBOSE1:base\allocator\scheduler_loop_quarantine_config.cc:180] No entry found for utility.unzi..jom.Unzipper/main.
[8576:22440:0825/115914.648:VERBOSE1:base\allocator\scheduler_loop_quarantine_config.cc:180] No entry found for utility.qua...Quarantine/global.
[8576:22440:0825/115914.648:VERBOSE1:base\allocator\scheduler_loop_quarantine_config.cc:180] No entry found for utility.quara..om.Quarantine/*.
[8576:22440:0825/115914.648:VERBOSE1:base\allocator\scheduler_loop_quarantine_config.cc:180] No entry found for utility.quar..m.Quarantine/amsc.
[8576:22440:0825/115914.648:VERBOSE1:base\allocator\scheduler_loop_quarantine_config.cc:180] No entry found for utility/main.
[8576:22440:0825/115914.648:VERBOSE1:base\allocator\scheduler_loop_quarantine_config.cc:180] No entry found for utility/io.
[8576:22440:0825/115914.648:VERBOSE1:base\allocator\scheduler_loop_quarantine_config.cc:180] No entry found for utility.quar..m.Quarantine/main.
[4828:22912:0825/115914.768:VERBOSE1:base\allocator\scheduler_loop_quarantine_config.cc:180] No entry found for utility.qua...Quarantine/global.
[4828:22912:0825/115914.768:VERBOSE1:base\allocator\scheduler_loop_quarantine_config.cc:180] No entry found for utility.quara..om.Quarantine/*.
[4828:22912:0825/115914.768:VERBOSE1:base\allocator\scheduler_loop_quarantine_config.cc:180] No entry found for utility.quar..m.Quarantine/amsc.
[4828:22912:0825/115914.768:VERBOSE1:base\allocator\scheduler_loop_quarantine_config.cc:180] No entry found for utility/main.
[4828:22912:0825/115914.768:VERBOSE1:base\allocator\scheduler_loop_quarantine_config.cc:180] No entry found for utility/io.
[4828:22912:0825/115914.768:VERBOSE1:base\allocator\scheduler_loop_quarantine_config.cc:180] No entry found for utility.quar..m.Quarantine/main.
[23968:7788:0825/115914.918:VERBOSE1:net\base\network_delegate.cc:38] NetworkDelegate::NotifyBeforeURLRequest: https://optimizationguide-pa.googleapis.com/downloads?name=1781017313&target=OPTIMIZATION_TARGET_CLIENT_SIDE_PHISHING
[23968:7788:0825/115914.957:VERBOSE1:net\base\network_delegate.cc:38] NetworkDelegate::NotifyBeforeURLRequest: https://optimizationguide-pa.googleapis.com/downloads?name=1696268326&target=OPTIMIZATION_TARGET_OMNIBOX_URL_SCORING
[19780:20836:0825/115914.960:VERBOSE1:base\allocator\scheduler_loop_quarantine_config.cc:180] No entry found for utility.unz..om.Unzipper/global.
[19780:20836:0825/115914.960:VERBOSE1:base\allocator\scheduler_loop_quarantine_config.cc:180] No entry found for utility.unzip.mojom.Unzipper/*.
[19780:20836:0825/115914.960:VERBOSE1:base\allocator\scheduler_loop_quarantine_config.cc:180] No entry found for utility.unzi..jom.Unzipper/amsc.
[19780:20836:0825/115914.960:VERBOSE1:base\allocator\scheduler_loop_quarantine_config.cc:180] No entry found for utility/main.
[19780:20836:0825/115914.960:VERBOSE1:base\allocator\scheduler_loop_quarantine_config.cc:180] No entry found for utility/io.
[19780:20836:0825/115914.960:VERBOSE1:base\allocator\scheduler_loop_quarantine_config.cc:180] No entry found for utility.unzi..jom.Unzipper/main.
[15152:8216:0825/115915.008:VERBOSE1:base\allocator\scheduler_loop_quarantine_config.cc:180] No entry found for utility.unz..om.Unzipper/global.
[15152:8216:0825/115915.008:VERBOSE1:base\allocator\scheduler_loop_quarantine_config.cc:180] No entry found for utility.unzip.mojom.Unzipper/*.
[15152:8216:0825/115915.008:VERBOSE1:base\allocator\scheduler_loop_quarantine_config.cc:180] No entry found for utility.unzi..jom.Unzipper/amsc.
[15152:8216:0825/115915.008:VERBOSE1:base\allocator\scheduler_loop_quarantine_config.cc:180] No entry found for utility/main.
[15152:8216:0825/115915.008:VERBOSE1:base\allocator\scheduler_loop_quarantine_config.cc:180] No entry found for utility/io.
[15152:8216:0825/115915.008:VERBOSE1:base\allocator\scheduler_loop_quarantine_config.cc:180] No entry found for utility.unzi..jom.Unzipper/main.
[24400:2788:0825/115915.834:VERBOSE1:base\allocator\scheduler_loop_quarantine_config.cc:180] No entry found for utility.qua...Quarantine/global.
[24400:2788:0825/115915.834:VERBOSE1:base\allocator\scheduler_loop_quarantine_config.cc:180] No entry found for utility.quara..om.Quarantine/*.
[24400:2788:0825/115915.834:VERBOSE1:base\allocator\scheduler_loop_quarantine_config.cc:180] No entry found for utility.quar..m.Quarantine/amsc.
[24400:2788:0825/115915.834:VERBOSE1:base\allocator\scheduler_loop_quarantine_config.cc:180] No entry found for utility/main.
[24400:2788:0825/115915.834:VERBOSE1:base\allocator\scheduler_loop_quarantine_config.cc:180] No entry found for utility/io.
[24400:2788:0825/115915.834:VERBOSE1:base\allocator\scheduler_loop_quarantine_config.cc:180] No entry found for utility.quar..m.Quarantine/main.
[23968:7788:0825/115916.031:VERBOSE1:net\base\network_delegate.cc:38] NetworkDelegate::NotifyBeforeURLRequest: https://optimizationguide-pa.googleapis.com/downloads?name=1770062312&target=OPTIMIZATION_TARGET_PASSAGE_EMBEDDER
[5420:21816:0825/115916.098:VERBOSE1:base\allocator\scheduler_loop_quarantine_config.cc:180] No entry found for utility.unz..om.Unzipper/global.
[5420:21816:0825/115916.098:VERBOSE1:base\allocator\scheduler_loop_quarantine_config.cc:180] No entry found for utility.unzip.mojom.Unzipper/*.
[5420:21816:0825/115916.098:VERBOSE1:base\allocator\scheduler_loop_quarantine_config.cc:180] No entry found for utility.unzi..jom.Unzipper/amsc.
[5420:21816:0825/115916.098:VERBOSE1:base\allocator\scheduler_loop_quarantine_config.cc:180] No entry found for utility/main.
[5420:21816:0825/115916.098:VERBOSE1:base\allocator\scheduler_loop_quarantine_config.cc:180] No entry found for utility/io.
[5420:21816:0825/115916.098:VERBOSE1:base\allocator\scheduler_loop_quarantine_config.cc:180] No entry found for utility.unzi..jom.Unzipper/main.
[16724:9180:0825/115916.347:VERBOSE1:base\allocator\scheduler_loop_quarantine_config.cc:180] No entry found for utility.qua...Quarantine/global.
[16724:9180:0825/115916.347:VERBOSE1:base\allocator\scheduler_loop_quarantine_config.cc:180] No entry found for utility.quara..om.Quarantine/*.
[16724:9180:0825/115916.347:VERBOSE1:base\allocator\scheduler_loop_quarantine_config.cc:180] No entry found for utility.quar..m.Quarantine/amsc.
[16724:9180:0825/115916.347:VERBOSE1:base\allocator\scheduler_loop_quarantine_config.cc:180] No entry found for utility/main.
[16724:9180:0825/115916.347:VERBOSE1:base\allocator\scheduler_loop_quarantine_config.cc:180] No entry found for utility/io.
[16724:9180:0825/115916.347:VERBOSE1:base\allocator\scheduler_loop_quarantine_config.cc:180] No entry found for utility.quar..m.Quarantine/main.
[23968:7788:0825/115916.601:VERBOSE1:net\base\network_delegate.cc:38] NetworkDelegate::NotifyBeforeURLRequest: https://optimizationguide-pa.googleapis.com/downloads?name=240731042075&target=OPTIMIZATION_TARGET_SEGMENTATION_COMPOSE_PROMOTION
[9512:24276:0825/115916.673:VERBOSE1:base\allocator\scheduler_loop_quarantine_config.cc:180] No entry found for utility.unz..om.Unzipper/global.
[9512:24276:0825/115916.673:VERBOSE1:base\allocator\scheduler_loop_quarantine_config.cc:180] No entry found for utility.unzip.mojom.Unzipper/*.
[9512:24276:0825/115916.673:VERBOSE1:base\allocator\scheduler_loop_quarantine_config.cc:180] No entry found for utility.unzi..jom.Unzipper/amsc.
[9512:24276:0825/115916.673:VERBOSE1:base\allocator\scheduler_loop_quarantine_config.cc:180] No entry found for utility/main.
[9512:24276:0825/115916.673:VERBOSE1:base\allocator\scheduler_loop_quarantine_config.cc:180] No entry found for utility/io.
[9512:24276:0825/115916.673:VERBOSE1:base\allocator\scheduler_loop_quarantine_config.cc:180] No entry found for utility.unzi..jom.Unzipper/main.
